SEQUENCIA;EMPRESA;ORIGEM;DOCUMENTO;PARCELA
306;OLIVO COMPONENTES ;FUNDO;46587;002
307;OLIVO COMPONENTES ;FUNDO;48358;001
308;OLIVO COMPONENTES ;FUNDO;48673;003
309;OLIVO COMPONENTES ;FUNDO;48673;004
310;OLIVO COMPONENTES ;FUNDO;48673;005
311;OLIVO COMPONENTES ;FUNDO;48337;002
312;OLIVO COMPONENTES ;FUNDO;48667;001
313;OLIVO COMPONENTES ;FUNDO;48356;002
314;OLIVO COMPONENTES ;FUNDO;48376;002
315;OLIVO COMPONENTES ;FUNDO;48383;002
316;OLIVO COMPONENTES ;FUNDO;48374;002
317;OLIVO COMPONENTES ;FUNDO;48375;002
318;OLIVO COMPONENTES ;FUNDO;48308;003
319;OLIVO COMPONENTES ;FUNDO;48236;002
320;OLIVO COMPONENTES ;FUNDO;48044;002
321;OLIVO COMPONENTES ;FUNDO;48235;002
322;OLIVO COMPONENTES ;FUNDO;48239;002
323;OLIVO COMPONENTES ;FUNDO;48037;002
324;OLIVO COMPONENTES ;FUNDO;48310;003
325;OLIVO COMPONENTES ;FUNDO;48238;002
326;OLIVO COMPONENTES ;FUNDO;48240;002
327;OLIVO COMPONENTES ;FUNDO;48043;002
328;OLIVO COMPONENTES ;FUNDO;48237;002
329;OLIVO COMPONENTES ;FUNDO;48070;003
330;OLIVO COMPONENTES ;FUNDO;48072;003
331;OLIVO COMPONENTES ;FUNDO;48071;003
332;OLIVO COMPONENTES ;FUNDO;48095;003
333;OLIVO COMPONENTES ;FUNDO;48097;003
334;OLIVO COMPONENTES ;FUNDO;48096;004
335;OLIVO COMPONENTES ;FUNDO;48359;002
336;OLIVO COMPONENTES ;FUNDO;48358;002
337;OLIVO COMPONENTES ;FUNDO;48357;002
338;OLIVO COMPONENTES ;FUNDO;48309;002
339;OLIVO COMPONENTES ;FUNDO;48305;002
340;OLIVO COMPONENTES ;FUNDO;48313;002
341;OLIVO COMPONENTES ;FUNDO;48030;005
342;OLIVO COMPONENTES ;FUNDO;48067;003
343;OLIVO COMPONENTES ;FUNDO;48062;003
344;OLIVO COMPONENTES ;FUNDO;48347;002
345;OLIVO COMPONENTES ;FUNDO;48338;002
346;OLIVO COMPONENTES ;FUNDO;48337;003
347;OLIVO COMPONENTES ;FUNDO;48363;002
348;OLIVO COMPONENTES ;FUNDO;48361;002
349;OLIVO COMPONENTES ;FUNDO;48362;002
350;OLIVO COMPONENTES ;FUNDO;48376;003
351;OLIVO COMPONENTES ;FUNDO;48374;003
352;OLIVO COMPONENTES ;FUNDO;48382;002
353;OLIVO COMPONENTES ;FUNDO;48384;002
354;OLIVO COMPONENTES ;FUNDO;48841;001
355;OLIVO COMPONENTES ;FUNDO;48375;003
356;OLIVO COMPONENTES ;FUNDO;48040;003
357;OLIVO COMPONENTES ;FUNDO;48036;003
358;OLIVO COMPONENTES ;FUNDO;48809;001
359;OLIVO COMPONENTES ;FUNDO;48038;003
360;OLIVO COMPONENTES ;FUNDO;48803;001
361;OLIVO COMPONENTES ;FUNDO;48814;001
362;OLIVO COMPONENTES ;FUNDO;48032;003
363;OLIVO COMPONENTES ;FUNDO;48035;003
364;OLIVO COMPONENTES ;FUNDO;48039;003
365;OLIVO COMPONENTES ;FUNDO;48064;003
366;OLIVO COMPONENTES ;FUNDO;48063;003
367;OLIVO COMPONENTES ;FUNDO;48069;003
368;OLIVO COMPONENTES ;FUNDO;48070;004
369;OLIVO COMPONENTES ;FUNDO;48072;004
370;OLIVO COMPONENTES ;FUNDO;48071;004
371;OLIVO COMPONENTES ;FUNDO;48916;001
372;OLIVO COMPONENTES ;FUNDO;48344;002
373;OLIVO COMPONENTES ;FUNDO;48339;002
374;OLIVO COMPONENTES ;FUNDO;48341;002
375;OLIVO COMPONENTES ;FUNDO;48345;002
376;OLIVO COMPONENTES ;FUNDO;48099;003
377;OLIVO COMPONENTES ;FUNDO;48340;002
378;OLIVO COMPONENTES ;FUNDO;48101;003
379;OLIVO COMPONENTES ;FUNDO;48100;003
380;OLIVO COMPONENTES ;FUNDO;48849;001
381;OLIVO COMPONENTES ;FUNDO;48094;003
382;OLIVO COMPONENTES ;FUNDO;48097;004
383;OLIVO COMPONENTES ;FUNDO;48342;002
384;OLIVO COMPONENTES ;FUNDO;48096;005
385;OLIVO COMPONENTES ;FUNDO;48093;003
386;OLIVO COMPONENTES ;FUNDO;48346;002
387;OLIVO COMPONENTES ;FUNDO;48343;002
388;OLIVO COMPONENTES ;FUNDO;48775;001
389;OLIVO COMPONENTES ;FUNDO;48383;003
390;OLIVO COMPONENTES ;FUNDO;48800;001
391;OLIVO COMPONENTES ;FUNDO;48796;001
392;OLIVO COMPONENTES ;FUNDO;48811;001
393;OLIVO COMPONENTES ;FUNDO;48806;001
394;OLIVO COMPONENTES ;FUNDO;48825;001
395;OLIVO COMPONENTES ;FUNDO;48030;006
396;OLIVO COMPONENTES ;FUNDO;48312;003
397;OLIVO COMPONENTES ;FUNDO;48072;005
398;OLIVO COMPONENTES ;FUNDO;48070;005
399;OLIVO COMPONENTES ;FUNDO;48071;005
400;OLIVO COMPONENTES ;FUNDO;48067;004
401;OLIVO COMPONENTES ;FUNDO;48337;004
402;OLIVO COMPONENTES ;FUNDO;48097;005
403;OLIVO COMPONENTES ;FUNDO;48843;001
404;OLIVO COMPONENTES ;FUNDO;48839;001
405;OLIVO COMPONENTES ;FUNDO;48840;001
406;OLIVO COMPONENTES ;FUNDO;48842;001
407;OLIVO COMPONENTES ;FUNDO;48667;002
408;OLIVO COMPONENTES ;FUNDO;48356;003
409;OLIVO COMPONENTES ;FUNDO;48991;001
410;OLIVO COMPONENTES ;FUNDO;48799;001
411;OLIVO COMPONENTES ;FUNDO;48044;003
412;OLIVO COMPONENTES ;FUNDO;48235;003
413;OLIVO COMPONENTES ;FUNDO;48239;003
414;OLIVO COMPONENTES ;FUNDO;48037;003
415;OLIVO COMPONENTES ;FUNDO;48238;003
416;OLIVO COMPONENTES ;FUNDO;48240;003
417;OLIVO COMPONENTES ;FUNDO;48813;001
418;OLIVO COMPONENTES ;FUNDO;48812;001
419;OLIVO COMPONENTES ;FUNDO;48810;001
420;OLIVO COMPONENTES ;FUNDO;48043;003
421;OLIVO COMPONENTES ;FUNDO;48237;003
422;OLIVO COMPONENTES ;FUNDO;48072;006
423;OLIVO COMPONENTES ;FUNDO;48070;006
424;OLIVO COMPONENTES ;FUNDO;48071;006
425;OLIVO COMPONENTES ;FUNDO;48848;001
426;OLIVO COMPONENTES ;FUNDO;48097;006
427;OLIVO COMPONENTES ;FUNDO;48846;001
428;OLIVO COMPONENTES ;FUNDO;48847;001
429;OLIVO COMPONENTES ;FUNDO;48844;001
430;OLIVO COMPONENTES ;FUNDO;48357;003
431;OLIVO COMPONENTES ;FUNDO;48309;003
432;OLIVO COMPONENTES ;FUNDO;48313;003
433;OLIVO COMPONENTES ;FUNDO;48305;003
434;OLIVO COMPONENTES ;FUNDO;48806;002
435;OLIVO COMPONENTES ;FUNDO;48070;007
436;OLIVO COMPONENTES ;FUNDO;48072;007
437;OLIVO COMPONENTES ;FUNDO;48071;007
438;OLIVO COMPONENTES ;FUNDO;49026;001
439;OLIVO COMPONENTES ;FUNDO;49024;001
440;OLIVO COMPONENTES ;FUNDO;49022;001
441;OLIVO COMPONENTES ;FUNDO;49021;001
442;OLIVO COMPONENTES ;FUNDO;49025;001
443;OLIVO COMPONENTES ;FUNDO;48062;004
444;OLIVO COMPONENTES ;FUNDO;48347;003
445;OLIVO COMPONENTES ;FUNDO;48338;003
446;OLIVO COMPONENTES ;FUNDO;48359;003
447;OLIVO COMPONENTES ;FUNDO;48363;003
448;OLIVO COMPONENTES ;FUNDO;48361;003
449;OLIVO COMPONENTES ;FUNDO;48358;003
450;OLIVO COMPONENTES ;FUNDO;48362;003
451;OLIVO COMPONENTES ;FUNDO;48382;003
452;OLIVO COMPONENTES ;FUNDO;48384;003
453;OLIVO COMPONENTES ;FUNDO;48985;001
454;OLIVO COMPONENTES ;FUNDO;48984;001
455;OLIVO COMPONENTES ;FUNDO;48841;002
456;OLIVO COMPONENTES ;FUNDO;48809;002
457;OLIVO COMPONENTES ;FUNDO;48239;004
458;OLIVO COMPONENTES ;FUNDO;48812;002
459;OLIVO COMPONENTES ;FUNDO;49012;001
460;OLIVO COMPONENTES ;FUNDO;49011;001
461;OLIVO COMPONENTES ;FUNDO;48810;002
462;OLIVO COMPONENTES ;FUNDO;49010;001
463;OLIVO COMPONENTES ;FUNDO;48064;004
464;OLIVO COMPONENTES ;FUNDO;48072;008
465;OLIVO COMPONENTES ;FUNDO;48070;008
466;OLIVO COMPONENTES ;FUNDO;48071;008
467;OLIVO COMPONENTES ;FUNDO;48916;002
468;OLIVO COMPONENTES ;FUNDO;49014;001
469;OLIVO COMPONENTES ;FUNDO;49016;001
470;OLIVO COMPONENTES ;FUNDO;49015;001
471;OLIVO COMPONENTES ;FUNDO;48339;003
472;OLIVO COMPONENTES ;FUNDO;48345;003
473;OLIVO COMPONENTES ;FUNDO;48340;003
474;OLIVO COMPONENTES ;FUNDO;48101;004
475;OLIVO COMPONENTES ;FUNDO;48100;004
476;OLIVO COMPONENTES ;FUNDO;48342;003
477;OLIVO COMPONENTES ;FUNDO;48844;002
478;OLIVO COMPONENTES ;FUNDO;48093;004
479;OLIVO COMPONENTES ;FUNDO;48346;003
480;OLIVO COMPONENTES ;FUNDO;48343;003
481;OLIVO COMPONENTES ;FUNDO;48775;002
482;OLIVO COMPONENTES ;FUNDO;48800;002
483;OLIVO COMPONENTES ;FUNDO;48796;002
484;OLIVO COMPONENTES ;FUNDO;48799;002
485;OLIVO COMPONENTES ;FUNDO;48313;004
486;OLIVO COMPONENTES ;FUNDO;48811;002
487;OLIVO COMPONENTES ;FUNDO;48806;003
488;OLIVO COMPONENTES ;FUNDO;48825;002
489;OLIVO COMPONENTES ;FUNDO;48843;002
490;OLIVO COMPONENTES ;FUNDO;48839;002
491;OLIVO COMPONENTES ;FUNDO;48840;002
492;OLIVO COMPONENTES ;FUNDO;48667;003
493;OLIVO COMPONENTES ;FUNDO;48359;004
494;OLIVO COMPONENTES ;FUNDO;48357;004
495;OLIVO COMPONENTES ;FUNDO;48985;002
496;OLIVO COMPONENTES ;FUNDO;48984;002
497;OLIVO COMPONENTES ;FUNDO;48813;002
498;OLIVO COMPONENTES ;FUNDO;48812;003
499;OLIVO COMPONENTES ;FUNDO;49012;002
500;OLIVO COMPONENTES ;FUNDO;49011;002
501;OLIVO COMPONENTES ;FUNDO;48810;003
502;OLIVO COMPONENTES ;FUNDO;49010;002
503;OLIVO COMPONENTES ;FUNDO;48848;002
504;OLIVO COMPONENTES ;FUNDO;48846;002
505;OLIVO COMPONENTES ;FUNDO;48847;002
506;OLIVO COMPONENTES ;FUNDO;48800;003
507;OLIVO COMPONENTES ;FUNDO;48796;003
508;OLIVO COMPONENTES ;FUNDO;48799;003
509;OLIVO COMPONENTES ;FUNDO;48806;004
510;OLIVO COMPONENTES ;FUNDO;49026;002
511;OLIVO COMPONENTES ;FUNDO;49024;002
512;OLIVO COMPONENTES ;FUNDO;49022;002
513;OLIVO COMPONENTES ;FUNDO;49021;002
514;OLIVO COMPONENTES ;FUNDO;49025;002
515;OLIVO COMPONENTES ;FUNDO;48347;004
516;OLIVO COMPONENTES ;FUNDO;48340;004
517;OLIVO COMPONENTES ;FUNDO;48342;004
518;OLIVO COMPONENTES ;FUNDO;48843;003
519;OLIVO COMPONENTES ;FUNDO;48839;003
520;OLIVO COMPONENTES ;FUNDO;48840;003
521;OLIVO COMPONENTES ;FUNDO;48985;003
522;OLIVO COMPONENTES ;FUNDO;48809;003
523;OLIVO COMPONENTES ;FUNDO;48812;004
524;OLIVO COMPONENTES ;FUNDO;49011;003
525;OLIVO COMPONENTES ;FUNDO;48916;003
526;OLIVO COMPONENTES ;FUNDO;48841;003
527;OLIVO COMPONENTES ;FUNDO;49014;002
528;OLIVO COMPONENTES ;FUNDO;49016;002
529;OLIVO COMPONENTES ;FUNDO;49015;002
530;OLIVO COMPONENTES ;FUNDO;48346;001
531;OLIVO COMPONENTES ;FUNDO;48775;003
532;OLIVO COMPONENTES ;FUNDO;48800;004
533;OLIVO COMPONENTES ;FUNDO;48796;004
534;OLIVO COMPONENTES ;FUNDO;48984;003
535;OLIVO COMPONENTES ;FUNDO;48799;004
536;OLIVO COMPONENTES ;FUNDO;48811;003
537;OLIVO COMPONENTES ;FUNDO;48806;005
538;OLIVO COMPONENTES ;FUNDO;48825;003
539;OLIVO COMPONENTES ;FUNDO;49012;003
540;OLIVO COMPONENTES ;FUNDO;48843;004
541;OLIVO COMPONENTES ;FUNDO;48985;004
542;OLIVO COMPONENTES ;FUNDO;48806;006
543;OLIVO COMPONENTES ;FUNDO;48813;003
544;OLIVO COMPONENTES ;FUNDO;48812;005
545;OLIVO COMPONENTES ;FUNDO;49011;004
546;OLIVO COMPONENTES ;FUNDO;48846;003
547;OLIVO COMPONENTES ;FUNDO;48841;004
548;OLIVO COMPONENTES ;FUNDO;48843;005
549;OLIVO COMPONENTES ;FUNDO;48847;003
550;OLIVO COMPONENTES ;FUNDO;48775;004
551;OLIVO COMPONENTES ;FUNDO;48984;004
552;OLIVO COMPONENTES ;FUNDO;48809;004
553;OLIVO COMPONENTES ;FUNDO;49026;003
554;OLIVO COMPONENTES ;FUNDO;49024;003
555;OLIVO COMPONENTES ;FUNDO;49022;003
556;OLIVO COMPONENTES ;FUNDO;49021;003
557;OLIVO COMPONENTES ;FUNDO;49025;003
558;OLIVO COMPONENTES ;FUNDO;48984;005
559;OLIVO COMPONENTES ;FUNDO;49014;003
560;OLIVO COMPONENTES ;FUNDO;49016;003
561;OLIVO COMPONENTES ;FUNDO;49015;003
562;OLIVO COMPONENTES ;FUNDO;48984;006
563;OLIVO COMPONENTES ;FUNDO;49016;004
564;OLIVO COMPONENTES ;FUNDO;49026;004
565;OLIVO COMPONENTES ;FUNDO;49024;004
566;OLIVO COMPONENTES ;FUNDO;49022;004
567;OLIVO COMPONENTES ;FUNDO;40310;001 
568;OLIVO COMPONENTES ;FUNDO;48521;001 
569;OLIVO COMPONENTES ;FUNDO;48522;001 
570;OLIVO COMPONENTES ;FUNDO;48523;001 
571;OLIVO COMPONENTES ;FUNDO;48524;001 
572;OLIVO COMPONENTES ;FUNDO;48528;001 
573;OLIVO COMPONENTES ;FUNDO;48534;002 
574;OLIVO COMPONENTES ;FUNDO;48543;002 
575;OLIVO COMPONENTES ;FUNDO;48539;001 
576;OLIVO COMPONENTES ;FUNDO;48540;001 
577;OLIVO COMPONENTES ;FUNDO;48541;001 
578;OLIVO COMPONENTES ;FUNDO;48580;001 
579;OLIVO COMPONENTES ;FUNDO;48586;001 
580;OLIVO COMPONENTES ;FUNDO;48582;001 
581;OLIVO COMPONENTES ;FUNDO;48282;002 
582;OLIVO COMPONENTES ;FUNDO;48529;001 
583;OLIVO COMPONENTES ;FUNDO;48534;003 
584;OLIVO COMPONENTES ;FUNDO;48535;002 
585;OLIVO COMPONENTES ;FUNDO;48537;002 
586;OLIVO COMPONENTES ;FUNDO;48574;001 
587;OLIVO COMPONENTES ;FUNDO;48575;001 
588;OLIVO COMPONENTES ;FUNDO;48576;001 
589;OLIVO COMPONENTES ;FUNDO;48577;001 
590;OLIVO COMPONENTES ;FUNDO;48578;001 
591;OLIVO COMPONENTES ;FUNDO;48587;001 
592;OLIVO COMPONENTES ;FUNDO;48581;001 
593;OLIVO COMPONENTES ;FUNDO;48583;001 
594;OLIVO COMPONENTES ;FUNDO;48287;003 
595;OLIVO COMPONENTES ;FUNDO;48518;002 
596;OLIVO COMPONENTES ;FUNDO;48521;002 
597;OLIVO COMPONENTES ;FUNDO;48524;002 
598;OLIVO COMPONENTES ;FUNDO;48543;003 
599;OLIVO COMPONENTES ;FUNDO;40320;003 
600;OLIVO COMPONENTES ;FUNDO;48535;003 
601;OLIVO COMPONENTES ;FUNDO;48536;002 
602;OLIVO COMPONENTES ;FUNDO;48537;003 
603;OLIVO COMPONENTES ;FUNDO;48583;002 
604;OLIVO COMPONENTES ;FUNDO;48574;002 
605;OLIVO COMPONENTES ;FUNDO;48576;002 
606;OLIVO COMPONENTES ;FUNDO;48577;002 
607;OLIVO COMPONENTES ;FUNDO;48578;002 
608;OLIVO COMPONENTES ;FUNDO;48579;002 
609;OLIVO COMPONENTES ;FUNDO;48587;002 
610;OLIVO COMPONENTES ;FUNDO;48953;001 
611;OLIVO COMPONENTES ;FUNDO;48283;003 
612;OLIVO COMPONENTES ;FUNDO;48286;003 
613;OLIVO COMPONENTES ;FUNDO;48287;004 
614;OLIVO COMPONENTES ;FUNDO;48519;002 
615;OLIVO COMPONENTES ;FUNDO;48520;002 
616;OLIVO COMPONENTES ;FUNDO;48521;003 
617;OLIVO COMPONENTES ;FUNDO;48522;002 
618;OLIVO COMPONENTES ;FUNDO;48523;002 
619;OLIVO COMPONENTES ;FUNDO;48524;003 
620;OLIVO COMPONENTES ;FUNDO;48527;002 
621;OLIVO COMPONENTES ;FUNDO;48528;002 
622;OLIVO COMPONENTES ;FUNDO;48580;002 
623;OLIVO COMPONENTES ;FUNDO;48266;003 
624;OLIVO COMPONENTES ;FUNDO;48282;003 
625;OLIVO COMPONENTES ;FUNDO;48529;002 
626;OLIVO COMPONENTES ;FUNDO;48537;004 
627;OLIVO COMPONENTES ;FUNDO;48581;002 
628;OLIVO COMPONENTES ;FUNDO;48287;005 
629;OLIVO COMPONENTES ;FUNDO;48518;003 
630;OLIVO COMPONENTES ;FUNDO;48521;004 
631;OLIVO COMPONENTES ;FUNDO;48574;003 
632;OLIVO COMPONENTES ;FUNDO;48578;003 
633;OLIVO COMPONENTES ;FUNDO;40320;004 
634;OLIVO COMPONENTES ;FUNDO;48536;003 
635;OLIVO COMPONENTES ;FUNDO;48537;005 
636;OLIVO COMPONENTES ;FUNDO;48583;003 
637;OLIVO COMPONENTES ;FUNDO;48574;004 
638;OLIVO COMPONENTES ;FUNDO;48576;003 
639;OLIVO COMPONENTES ;FUNDO;48577;003 
640;OLIVO COMPONENTES ;FUNDO;48578;004 
641;OLIVO COMPONENTES ;FUNDO;48579;003 
642;OLIVO COMPONENTES ;FUNDO;48587;003 
643;OLIVO COMPONENTES ;FUNDO;48287;006 
644;OLIVO COMPONENTES ;FUNDO;48519;003 
645;OLIVO COMPONENTES ;FUNDO;48520;003 
646;OLIVO COMPONENTES ;FUNDO;48521;005 
647;OLIVO COMPONENTES ;FUNDO;48522;003 
648;OLIVO COMPONENTES ;FUNDO;48523;003 
649;OLIVO COMPONENTES ;FUNDO;48524;004 
650;OLIVO COMPONENTES ;FUNDO;48527;003 
651;OLIVO COMPONENTES ;FUNDO;48528;003 
652;OLIVO COMPONENTES ;FUNDO;48580;003 
653;OLIVO COMPONENTES ;FUNDO;48581;003 
654;OLIVO COMPONENTES ;FUNDO;48266;004 
655;OLIVO COMPONENTES ;FUNDO;48529;003 
656;OLIVO COMPONENTES ;FUNDO;48537;006 
657;OLIVO COMPONENTES ;FUNDO;48574;005 
658;OLIVO COMPONENTES ;FUNDO;48576;004 
659;OLIVO COMPONENTES ;FUNDO;48578;005 
660;OLIVO COMPONENTES ;FUNDO;48587;004 
661;OLIVO COMPONENTES ;FUNDO;48287;007 
662;OLIVO COMPONENTES ;FUNDO;48523;004 
663;OLIVO COMPONENTES ;FUNDO;48524;005 
664;OLIVO COMPONENTES ;FUNDO;48537;007 
665;OLIVO COMPONENTES ;FUNDO;48574;006 
666;OLIVO COMPONENTES ;FUNDO;48576;005 
667;OLIVO COMPONENTES ;FUNDO;48578;006 
668;OLIVO COMPONENTES ;FUNDO;48587;005 
669;OLIVO COMPONENTES ;FUNDO;48266;001 
670;OLIVO COMPONENTES ;FUNDO;40320;005 
671;OLIVO COMPONENTES ;FUNDO;48574;007 
672;OLIVO COMPONENTES ;FUNDO;48576;006 
673;OLIVO COMPONENTES ;FUNDO;48578;007 
674;OLIVO COMPONENTES ;FUNDO;48587;006 
675;OLIVO COMPONENTES ;FUNDO;48522;004 
676;OLIVO COMPONENTES ;FUNDO;48527;004 
677;OLIVO COMPONENTES ;FUNDO;48537;008 
678;OLIVO COMPONENTES ;FUNDO;48581;004 
679;OLIVO COMPONENTES ;FUNDO;48529;004 
680;OLIVO COMPONENTES ;FUNDO;48266;002 
681;OLIVO COMPONENTES ;FUNDO;48527;005 
682;OLIVO COMPONENTES ;FUNDO;48300;002
683;OLIVO COMPONENTES ;FUNDO;48304;002
684;OLIVO COMPONENTES ;FUNDO;48302;002
685;OLIVO COMPONENTES ;FUNDO;48303;002
686;OLIVO COMPONENTES ;FUNDO;48188;002
687;OLIVO COMPONENTES ;FUNDO;48185;002
688;OLIVO COMPONENTES ;FUNDO;48182;002
689;OLIVO COMPONENTES ;FUNDO;48187;002
690;OLIVO COMPONENTES ;FUNDO;48184;003
691;OLIVO COMPONENTES ;FUNDO;48301;002
692;OLIVO COMPONENTES ;FUNDO;48333;002
693;OLIVO COMPONENTES ;FUNDO;48297;002
694;OLIVO COMPONENTES ;FUNDO;48294;002
695;OLIVO COMPONENTES ;FUNDO;48300;003
696;OLIVO COMPONENTES ;FUNDO;48293;002
697;OLIVO COMPONENTES ;FUNDO;48295;002
698;OLIVO COMPONENTES ;FUNDO;48292;002
699;OLIVO COMPONENTES ;FUNDO;48296;002
700;OLIVO COMPONENTES ;FUNDO;48298;002
701;OLIVO COMPONENTES ;FUNDO;48184;004
702;OLIVO COMPONENTES ;FUNDO;48634;002
703;OLIVO COMPONENTES ;FUNDO;48691;002
704;OLIVO COMPONENTES ;FUNDO;48303;003
705;OLIVO COMPONENTES ;FUNDO;48304;003
706;OLIVO COMPONENTES ;FUNDO;48302;003
707;OLIVO COMPONENTES ;FUNDO;48187;003
708;OLIVO COMPONENTES ;FUNDO;48182;003
709;OLIVO COMPONENTES ;FUNDO;48185;003
710;OLIVO COMPONENTES ;FUNDO;48188;003
711;OLIVO COMPONENTES ;FUNDO;48301;003
712;OLIVO COMPONENTES ;FUNDO;48333;003
713;OLIVO COMPONENTES ;FUNDO;48986;001
714;OLIVO COMPONENTES ;FUNDO;48987;001
715;OLIVO COMPONENTES ;FUNDO;48983;001
716;OLIVO COMPONENTES ;FUNDO;48297;003
717;OLIVO COMPONENTES ;FUNDO;48303;004
718;OLIVO COMPONENTES ;FUNDO;48294;003
719;OLIVO COMPONENTES ;FUNDO;48300;004
720;OLIVO COMPONENTES ;FUNDO;48302;004
721;OLIVO COMPONENTES ;FUNDO;48295;003
722;OLIVO COMPONENTES ;FUNDO;48293;003
723;OLIVO COMPONENTES ;FUNDO;48292;003
724;OLIVO COMPONENTES ;FUNDO;48298;003
725;OLIVO COMPONENTES ;FUNDO;48296;003
726;OLIVO COMPONENTES ;FUNDO;48850;002
727;OLIVO COMPONENTES ;FUNDO;48303;005
728;OLIVO COMPONENTES ;FUNDO;48297;004
729;OLIVO COMPONENTES ;FUNDO;48302;005
730;OLIVO COMPONENTES ;FUNDO;48188;004
731;OLIVO COMPONENTES ;FUNDO;48634;003
732;OLIVO COMPONENTES ;FUNDO;48987;002
733;OLIVO COMPONENTES ;FUNDO;48986;002
734;OLIVO COMPONENTES ;FUNDO;48983;002
735;OLIVO COMPONENTES ;FUNDO;48303;006
736;OLIVO COMPONENTES ;FUNDO;48302;006
737;OLIVO COMPONENTES ;FUNDO;48300;005
738;OLIVO COMPONENTES ;FUNDO;48850;003
739;OLIVO COMPONENTES ;FUNDO;48986;003
740;OLIVO COMPONENTES ;FUNDO;48987;003
741;OLIVO COMPONENTES ;FUNDO;48983;003
742;OLIVO COMPONENTES ;FUNDO;48634;004
743;OLIVO COMPONENTES ;FUNDO;48983;004
744;OLIVO COMPONENTES ;FUNDO;48634;005
745;OLIVO COMPONENTES ;FUNDO;48634;006
746;OLIVO COMPONENTES ;FUNDO;48634;007
747;OLIVO COMPONENTES ;FUNDO;48634;008
748;OLIVO COMPONENTES ;FUNDO;48634;009
749;OLIVO COMPONENTES ;FUNDO;48634;001
750;OLIVO COMPONENTES ;FUNDO;48834;005
751;OLIVO COMPONENTES ;FUNDO;48835;001
752;OLIVO COMPONENTES ;FUNDO;48835;005
753;OLIVO COMPONENTES ;FUNDO;48835;003
754;OLIVO COMPONENTES ;FUNDO;48834;002
755;OLIVO COMPONENTES ;FUNDO;48834;004
756;OLIVO COMPONENTES ;FUNDO;48835;006
757;OLIVO COMPONENTES ;FUNDO;48650;002
758;OLIVO COMPONENTES ;FUNDO;47358;004
759;OLIVO COMPONENTES ;FUNDO;48588;001
760;OLIVO COMPONENTES ;FUNDO;48650;001
761;OLIVO COMPONENTES ;FUNDO;48588;002
762;OLIVO COMPONENTES ;FUNDO;47958;003
763;OLIVO COMPONENTES ;FUNDO;48591;002
764;OLIVO COMPONENTES ;FUNDO;47358;007
765;OLIVO COMPONENTES ;FUNDO;48285;002
766;OLIVO COMPONENTES ;FUNDO;48630;005
767;OLIVO COMPONENTES ;FUNDO;48630;003
768;OLIVO COMPONENTES ;FUNDO;47370;004
769;OLIVO COMPONENTES ;FUNDO;48328;002
770;OLIVO COMPONENTES ;FUNDO;47959;003
771;OLIVO COMPONENTES ;FUNDO;48626;001
772;OLIVO COMPONENTES ;FUNDO;48328;003
773;OLIVO COMPONENTES ;FUNDO;47364;004
774;OLIVO COMPONENTES ;FUNDO;48256;003
775;OLIVO COMPONENTES ;FUNDO;48588;004
776;OLIVO COMPONENTES ;FUNDO;48285;004
777;OLIVO COMPONENTES ;FUNDO;48630;004
778;OLIVO COMPONENTES ;FUNDO;48365;003
779;OLIVO COMPONENTES ;FUNDO;47957;003
780;OLIVO COMPONENTES ;FUNDO;47363;004
781;OLIVO COMPONENTES ;FUNDO;48641;001
782;OLIVO COMPONENTES ;FUNDO;48590;001
783;OLIVO COMPONENTES ;FUNDO;48316;003
784;OLIVO COMPONENTES ;FUNDO;48246;001
785;OLIVO COMPONENTES ;FUNDO;48641;002
786;OLIVO COMPONENTES ;FUNDO;48588;003
787;OLIVO COMPONENTES ;FUNDO;48804;001
788;OLIVO COMPONENTES ;FUNDO;47679;002
789;OLIVO COMPONENTES ;FUNDO;47679;004
790;OLIVO COMPONENTES ;FUNDO;47679;001
791;OLIVO COMPONENTES ;FUNDO;48458;003
792;OLIVO COMPONENTES ;FUNDO;48788;003
793;OLIVO COMPONENTES ;FUNDO;48788;005
794;OLIVO COMPONENTES ;FUNDO;48787;003
795;OLIVO COMPONENTES ;FUNDO;48912;003
796;OLIVO COMPONENTES ;FUNDO;48845;001
797;OLIVO COMPONENTES ;FUNDO;48845;003
798;OLIVO COMPONENTES ;FUNDO;48912;001
799;OLIVO COMPONENTES ;FUNDO;48538;003
800;OLIVO COMPONENTES ;FUNDO;48632;003
801;OLIVO COMPONENTES ;FUNDO;48632;001
802;OLIVO COMPONENTES ;FUNDO;48668;003
803;OLIVO COMPONENTES ;FUNDO;48950;002
804;OLIVO COMPONENTES ;FUNDO;48950;001
805;OLIVO COMPONENTES ;FUNDO;48764;003
806;OLIVO COMPONENTES ;FUNDO;48764;002
807;OLIVO COMPONENTES ;FUNDO;48764;006
808;OLIVO COMPONENTES ;FUNDO;48764;005
809;OLIVO COMPONENTES ;FUNDO;48764;001
810;OLIVO COMPONENTES ;FUNDO;48633;003
811;OLIVO COMPONENTES ;FUNDO;48633;001
812;OLIVO COMPONENTES ;FUNDO;48633;002
813;OLIVO COMPONENTES ;FUNDO;49033;003
814;OLIVO COMPONENTES ;FUNDO;49033;005
815;OLIVO COMPONENTES ;FUNDO;48988;003
816;OLIVO COMPONENTES ;FUNDO;48988;001
817;OLIVO COMPONENTES ;FUNDO;48988;002
818;OLIVO COMPONENTES ;FUNDO;48988;004
819;OLIVO COMPONENTES ;FUNDO;48835;004
820;OLIVO COMPONENTES ;FUNDO;48834;006
821;OLIVO COMPONENTES ;FUNDO;48834;001
822;OLIVO COMPONENTES ;FUNDO;48834;003
823;OLIVO COMPONENTES ;FUNDO;48835;002
824;OLIVO COMPONENTES ;FUNDO;48246;004
825;OLIVO COMPONENTES ;FUNDO;47963;003
826;OLIVO COMPONENTES ;FUNDO;48531;003
827;OLIVO COMPONENTES ;FUNDO;48285;003
828;OLIVO COMPONENTES ;FUNDO;48630;002
829;OLIVO COMPONENTES ;FUNDO;48646;003
830;OLIVO COMPONENTES ;FUNDO;48650;004
831;OLIVO COMPONENTES ;FUNDO;48365;002
832;OLIVO COMPONENTES ;FUNDO;48365;004
833;OLIVO COMPONENTES ;FUNDO;47367;004
834;OLIVO COMPONENTES ;FUNDO;48246;003
835;OLIVO COMPONENTES ;FUNDO;48328;004
836;OLIVO COMPONENTES ;FUNDO;48630;001
837;OLIVO COMPONENTES ;FUNDO;47365;004
838;OLIVO COMPONENTES ;FUNDO;47358;005
839;OLIVO COMPONENTES ;FUNDO;47961;006
840;OLIVO COMPONENTES ;FUNDO;48646;002
841;OLIVO COMPONENTES ;FUNDO;48591;001
842;OLIVO COMPONENTES ;FUNDO;48319;005
843;OLIVO COMPONENTES ;FUNDO;48650;003
844;OLIVO COMPONENTES ;FUNDO;47358;006
845;OLIVO COMPONENTES ;FUNDO;48591;004
846;OLIVO COMPONENTES ;FUNDO;47961;005
847;OLIVO COMPONENTES ;FUNDO;48591;005
848;OLIVO COMPONENTES ;FUNDO;48250;003
849;OLIVO COMPONENTES ;FUNDO;48319;004
850;OLIVO COMPONENTES ;FUNDO;48250;002
851;OLIVO COMPONENTES ;FUNDO;48626;003
852;OLIVO COMPONENTES ;FUNDO;48316;004
853;OLIVO COMPONENTES ;FUNDO;48246;002
854;OLIVO COMPONENTES ;FUNDO;47960;003
855;OLIVO COMPONENTES ;FUNDO;48646;001
856;OLIVO COMPONENTES ;FUNDO;48591;006
857;OLIVO COMPONENTES ;FUNDO;48364;002
858;OLIVO COMPONENTES ;FUNDO;48591;003
859;OLIVO COMPONENTES ;FUNDO;48626;002
860;OLIVO COMPONENTES ;FUNDO;48531;002
861;OLIVO COMPONENTES ;FUNDO;48364;003
862;OLIVO COMPONENTES ;FUNDO;48256;004
863;OLIVO COMPONENTES ;FUNDO;48626;004
864;OLIVO COMPONENTES ;FUNDO;48631;003
865;OLIVO COMPONENTES ;FUNDO;48631;002
866;OLIVO COMPONENTES ;FUNDO;48631;001
867;OLIVO COMPONENTES ;FUNDO;47679;003
868;OLIVO COMPONENTES ;FUNDO;48804;003
869;OLIVO COMPONENTES ;FUNDO;48804;002
870;OLIVO COMPONENTES ;FUNDO;48788;004
871;OLIVO COMPONENTES ;FUNDO;48787;002
872;OLIVO COMPONENTES ;FUNDO;48787;004
873;OLIVO COMPONENTES ;FUNDO;48788;002
874;OLIVO COMPONENTES ;FUNDO;48787;001
875;OLIVO COMPONENTES ;FUNDO;48788;001
876;OLIVO COMPONENTES ;FUNDO;48585;003
877;OLIVO COMPONENTES ;FUNDO;48585;002
878;OLIVO COMPONENTES ;FUNDO;48538;002
879;OLIVO COMPONENTES ;FUNDO;48538;001
880;OLIVO COMPONENTES ;FUNDO;48845;002
881;OLIVO COMPONENTES ;FUNDO;48912;002
882;OLIVO COMPONENTES ;FUNDO;48950;003
883;OLIVO COMPONENTES ;FUNDO;48981;001
884;OLIVO COMPONENTES ;FUNDO;48981;003
885;OLIVO COMPONENTES ;FUNDO;48981;002
886;OLIVO COMPONENTES ;FUNDO;48632;002
887;OLIVO COMPONENTES ;FUNDO;48589;001
888;OLIVO COMPONENTES ;FUNDO;48319;002
889;OLIVO COMPONENTES ;FUNDO;48319;003
890;OLIVO COMPONENTES ;FUNDO;48668;002
891;OLIVO COMPONENTES ;FUNDO;48764;004
892;OLIVO COMPONENTES ;FUNDO;49033;004
893;OLIVO COMPONENTES ;FUNDO;49033;001
894;OLIVO COMPONENTES ;FUNDO;49033;002
895;OLIVO COMPONENTES ;FUNDO;49033;006
896;OLIVO COMPONENTES ;FUNDO;46602;001
897;OLIVO COMPONENTES ;FUNDO;46602;002
898;OLIVO COMPONENTES ;FUNDO;46602;003
899;OLIVO COMPONENTES ;FUNDO;46602;004
900;OLIVO COMPONENTES ;FUNDO;46602;005
901;OLIVO COMPONENTES ;FUNDO;46603;001
902;OLIVO COMPONENTES ;FUNDO;46603;002
903;OLIVO COMPONENTES ;FUNDO;46603;004
904;OLIVO COMPONENTES ;FUNDO;46603;005
905;OLIVO COMPONENTES ;FUNDO;46611;001
906;OLIVO COMPONENTES ;FUNDO;46611;002
907;OLIVO COMPONENTES ;FUNDO;46186;002
908;OLIVO COMPONENTES ;FUNDO;46282;001
909;OLIVO COMPONENTES ;FUNDO;46282;002
910;OLIVO COMPONENTES ;FUNDO;45934;004
911;OLIVO COMPONENTES ;FUNDO;47271;007
912;OLIVO COMPONENTES ;FUNDO;47267;004
913;OLIVO COMPONENTES ;FUNDO;47271;008
914;OLIVO COMPONENTES ;FUNDO;47940;002
915;OLIVO COMPONENTES ;FUNDO;47943;002
916;OLIVO COMPONENTES ;FUNDO;47930;003
917;OLIVO COMPONENTES ;FUNDO;47931;004
918;OLIVO COMPONENTES ;FUNDO;47945;003
919;OLIVO COMPONENTES ;FUNDO;47927;003
920;OLIVO COMPONENTES ;FUNDO;47937;003
921;OLIVO COMPONENTES ;FUNDO;47931;005
922;OLIVO COMPONENTES ;FUNDO;47927;004
923;OLIVO COMPONENTES ;FUNDO;47940;003
924;OLIVO COMPONENTES ;FUNDO;47938;003
925;OLIVO COMPONENTES ;FUNDO;47942;003
926;OLIVO COMPONENTES ;FUNDO;47943;003
927;OLIVO COMPONENTES ;FUNDO;47927;005
928;OLIVO COMPONENTES ;FUNDO;47931;006
929;OLIVO COMPONENTES ;FUNDO;47927;006
930;OLIVO COMPONENTES ;FUNDO;47938;004
931;OLIVO COMPONENTES ;FUNDO;47931;007
932;OLIVO COMPONENTES ;FUNDO;47927;007
933;OLIVO COMPONENTES ;FUNDO;47938;005
934;OLIVO COMPONENTES ;FUNDO;47940;004
935;OLIVO COMPONENTES ;FUNDO;47938;006
936;OLIVO COMPONENTES ;FUNDO;47938;007
937;OLIVO COMPONENTES ;FUNDO;46186;001
938;OLIVO COMPONENTES ;FUNDO;47109;001
939;OLIVO COMPONENTES ;FUNDO;46186;002
940;OLIVO COMPONENTES ;FUNDO;45612;001
941;OLIVO COMPONENTES ;FUNDO;47107;001
942;OLIVO COMPONENTES ;FUNDO;47107;002
943;OLIVO COMPONENTES ;FUNDO;47109;002
944;OLIVO COMPONENTES ;FUNDO;47109;003
946;OLIVO COMPONENTES ;FUNDO;47109;004
947;OLIVO COMPONENTES ;FUNDO;47138;002
948;OLIVO COMPONENTES ;FUNDO;47138;001
949;OLIVO COMPONENTES ;FUNDO;47140;001
950;OLIVO COMPONENTES ;FUNDO;47140;002
951;OLIVO COMPONENTES ;FUNDO;47108;001
952;OLIVO COMPONENTES ;FUNDO;47108;002
953;OLIVO COMPONENTES ;FUNDO;47055;001
955;OLIVO COMPONENTES ;FUNDO;47105;002
956;OLIVO COMPONENTES ;FUNDO;47137;001
957;OLIVO COMPONENTES ;FUNDO;47137;002
958;OLIVO COMPONENTES ;FUNDO;47055;002
959;OLIVO COMPONENTES ;FUNDO;47137;003
960;OLIVO COMPONENTES ;FUNDO;47137;004
964;OLIVO COMPONENTES ;FUNDO;48149;001
965;OLIVO COMPONENTES ;FUNDO;48196;001
967;OLIVO COMPONENTES ;FUNDO;48149;002
968;OLIVO COMPONENTES ;FUNDO;47553;003
969;OLIVO COMPONENTES ;FUNDO;48194;002
970;OLIVO COMPONENTES ;FUNDO;48190;002
971;OLIVO COMPONENTES ;FUNDO;48196;003
972;OLIVO COMPONENTES ;FUNDO;48216;002
973;OLIVO COMPONENTES ;FUNDO;48221;002
974;OLIVO COMPONENTES ;FUNDO;48207;002
975;OLIVO COMPONENTES ;FUNDO;48214;002
976;OLIVO COMPONENTES ;FUNDO;48223;002
977;OLIVO COMPONENTES ;FUNDO;48224;002
978;OLIVO COMPONENTES ;FUNDO;48210;002
979;OLIVO COMPONENTES ;FUNDO;48209;002
980;OLIVO COMPONENTES ;FUNDO;48192;002
981;OLIVO COMPONENTES ;FUNDO;48206;003
982;OLIVO COMPONENTES ;FUNDO;48201;002
983;OLIVO COMPONENTES ;FUNDO;48198;002
984;OLIVO COMPONENTES ;FUNDO;48191;002
985;OLIVO COMPONENTES ;FUNDO;48200;003
986;OLIVO COMPONENTES ;FUNDO;48195;003
987;OLIVO COMPONENTES ;FUNDO;48199;002
988;OLIVO COMPONENTES ;FUNDO;48193;003
989;OLIVO COMPONENTES ;FUNDO;48220;002
990;OLIVO COMPONENTES ;FUNDO;48204;002
991;OLIVO COMPONENTES ;FUNDO;48225;002
992;OLIVO COMPONENTES ;FUNDO;48222;002
993;OLIVO COMPONENTES ;FUNDO;48218;002
994;OLIVO COMPONENTES ;FUNDO;48189;003
995;OLIVO COMPONENTES ;FUNDO;48213;002
996;OLIVO COMPONENTES ;FUNDO;48208;002
997;OLIVO COMPONENTES ;FUNDO;48219;002
1001;OLIVO COMPONENTES ;FUNDO;47553;004
1002;OLIVO COMPONENTES ;FUNDO;48196;004
1003;OLIVO COMPONENTES ;FUNDO;48200;004
1004;OLIVO COMPONENTES ;FUNDO;48203;003
1005;OLIVO COMPONENTES ;FUNDO;48189;004
1006;OLIVO COMPONENTES ;FUNDO;48149;003
1007;OLIVO COMPONENTES ;FUNDO;47553;005
1008;OLIVO COMPONENTES ;FUNDO;48227;003
1009;OLIVO COMPONENTES ;FUNDO;48212;003
1010;OLIVO COMPONENTES ;FUNDO;48205;003
1011;OLIVO COMPONENTES ;FUNDO;49032;001
1012;OLIVO COMPONENTES ;FUNDO;47553;006
1013;OLIVO COMPONENTES ;FUNDO;48190;003
1014;OLIVO COMPONENTES ;FUNDO;48194;003
1015;OLIVO COMPONENTES ;FUNDO;48196;005
1016;OLIVO COMPONENTES ;FUNDO;48216;003
1017;OLIVO COMPONENTES ;FUNDO;48221;003
1018;OLIVO COMPONENTES ;FUNDO;48207;003
1019;OLIVO COMPONENTES ;FUNDO;48214;003
1020;OLIVO COMPONENTES ;FUNDO;48223;003
1021;OLIVO COMPONENTES ;FUNDO;48224;003
1022;OLIVO COMPONENTES ;FUNDO;48209;003
1023;OLIVO COMPONENTES ;FUNDO;48210;003
1024;OLIVO COMPONENTES ;FUNDO;48192;003
1025;OLIVO COMPONENTES ;FUNDO;48206;004
1026;OLIVO COMPONENTES ;FUNDO;48201;003
1027;OLIVO COMPONENTES ;FUNDO;48198;003
1028;OLIVO COMPONENTES ;FUNDO;48191;003
1029;OLIVO COMPONENTES ;FUNDO;48200;005
1030;OLIVO COMPONENTES ;FUNDO;48199;003
1031;OLIVO COMPONENTES ;FUNDO;48193;004
1032;OLIVO COMPONENTES ;FUNDO;48220;003
1033;OLIVO COMPONENTES ;FUNDO;48204;003
1034;OLIVO COMPONENTES ;FUNDO;48203;004
1035;OLIVO COMPONENTES ;FUNDO;48225;003
1036;OLIVO COMPONENTES ;FUNDO;48222;003
1037;OLIVO COMPONENTES ;FUNDO;48218;003
1038;OLIVO COMPONENTES ;FUNDO;48189;005
1039;OLIVO COMPONENTES ;FUNDO;48213;003
1040;OLIVO COMPONENTES ;FUNDO;48208;003
1041;OLIVO COMPONENTES ;FUNDO;48219;003
1042;OLIVO COMPONENTES ;FUNDO;47553;007
1043;OLIVO COMPONENTES ;FUNDO;48196;006
1044;OLIVO COMPONENTES ;FUNDO;48192;004
1045;OLIVO COMPONENTES ;FUNDO;48203;005
1046;OLIVO COMPONENTES ;FUNDO;48218;004
1047;OLIVO COMPONENTES ;FUNDO;47684;001
1048;OLIVO COMPONENTES ;FUNDO;49032;002
1050;OLIVO COMPONENTES ;FUNDO;48203;006
1051;OLIVO COMPONENTES ;FUNDO;47684;002
1052;OLIVO COMPONENTES ;FUNDO;48224;004
1053;OLIVO COMPONENTES ;FUNDO;48210;004
1054;OLIVO COMPONENTES ;FUNDO;48209;004
1055;OLIVO COMPONENTES ;FUNDO;48192;005
1056;OLIVO COMPONENTES ;FUNDO;48225;004
1057;OLIVO COMPONENTES ;FUNDO;48213;004
1058;OLIVO COMPONENTES ;FUNDO;47684;003
1059;OLIVO COMPONENTES ;FUNDO;47684;004
1060;OLIVO COMPONENTES ;FUNDO;49032;003
1062;OLIVO COMPONENTES ;FUNDO;48203;002
1063;OLIVO COMPONENTES ;FUNDO;49032;004
1066;OLIVO COMPONENTES ;FUNDO;48014;002
1067;OLIVO COMPONENTES ;FUNDO;48014;003
1068;OLIVO COMPONENTES ;FUNDO;48014;004
1069;OLIVO COMPONENTES ;FUNDO;48013;004
1070;OLIVO COMPONENTES ;FUNDO;48013;005
1071;OLIVO COMPONENTES ;FUNDO;48009;004
1072;OLIVO COMPONENTES ;FUNDO;48009;005
1073;OLIVO COMPONENTES ;FUNDO;48009;003
1074;OLIVO COMPONENTES ;FUNDO;48010;003
1075;OLIVO COMPONENTES ;FUNDO;48010;004
1076;OLIVO COMPONENTES ;FUNDO;48023;003
1077;OLIVO COMPONENTES ;FUNDO;48023;004
1078;OLIVO COMPONENTES ;FUNDO;48023;005
1079;OLIVO COMPONENTES ;FUNDO;48023;006
1080;OLIVO COMPONENTES ;FUNDO;48017;003
1081;OLIVO COMPONENTES ;FUNDO;48019;003
1082;OLIVO COMPONENTES ;FUNDO;48330;001
1083;OLIVO COMPONENTES ;FUNDO;48330;002
1084;OLIVO COMPONENTES ;FUNDO;48330;003
1085;OLIVO COMPONENTES ;FUNDO;48323;003
1086;OLIVO COMPONENTES ;FUNDO;48326;003
1087;OLIVO COMPONENTES ;FUNDO;48327;002
1088;OLIVO COMPONENTES ;FUNDO;48327;003
1089;OLIVO COMPONENTES ;FUNDO;48327;004
1090;OLIVO COMPONENTES ;FUNDO;48423;002
1091;OLIVO COMPONENTES ;FUNDO;48423;003
1092;OLIVO COMPONENTES ;FUNDO;48437;001
1093;OLIVO COMPONENTES ;FUNDO;48437;002
1094;OLIVO COMPONENTES ;FUNDO;48437;003
1095;OLIVO COMPONENTES ;FUNDO;48437;004
1096;OLIVO COMPONENTES ;FUNDO;48430;002
1097;OLIVO COMPONENTES ;FUNDO;48430;003
1098;OLIVO COMPONENTES ;FUNDO;48430;004
1099;OLIVO COMPONENTES ;FUNDO;48433;002
1100;OLIVO COMPONENTES ;FUNDO;48433;003
1101;OLIVO COMPONENTES ;FUNDO;48432;002
1102;OLIVO COMPONENTES ;FUNDO;48432;003
1103;OLIVO COMPONENTES ;FUNDO;48435;001
1104;OLIVO COMPONENTES ;FUNDO;48435;002
1105;OLIVO COMPONENTES ;FUNDO;48435;003
1106;OLIVO COMPONENTES ;FUNDO;48435;004
1107;OLIVO COMPONENTES ;FUNDO;48435;005
1108;OLIVO COMPONENTES ;FUNDO;48436;002
1109;OLIVO COMPONENTES ;FUNDO;48436;003
1110;OLIVO COMPONENTES ;FUNDO;48438;001
1111;OLIVO COMPONENTES ;FUNDO;48438;002
1112;OLIVO COMPONENTES ;FUNDO;48438;003
1113;OLIVO COMPONENTES ;FUNDO;48438;004
1114;OLIVO COMPONENTES ;FUNDO;48434;002
1115;OLIVO COMPONENTES ;FUNDO;48434;003
1116;OLIVO COMPONENTES ;FUNDO;48431;002
1117;OLIVO COMPONENTES ;FUNDO;48431;003
1118;OLIVO COMPONENTES ;FUNDO;48431;004
1119;OLIVO COMPONENTES ;FUNDO;48466;001
1120;OLIVO COMPONENTES ;FUNDO;48466;002
1121;OLIVO COMPONENTES ;FUNDO;48466;003
1122;OLIVO COMPONENTES ;FUNDO;48466;004
1123;OLIVO COMPONENTES ;FUNDO;48466;005
1124;OLIVO COMPONENTES ;FUNDO;48466;006
1125;OLIVO COMPONENTES ;FUNDO;48466;007
1126;OLIVO COMPONENTES ;FUNDO;48450;001
1127;OLIVO COMPONENTES ;FUNDO;48450;002
1128;OLIVO COMPONENTES ;FUNDO;48450;003
1129;OLIVO COMPONENTES ;FUNDO;48628;001
1130;OLIVO COMPONENTES ;FUNDO;48628;002
1131;OLIVO COMPONENTES ;FUNDO;48628;003
1132;OLIVO COMPONENTES ;FUNDO;48625;001
1133;OLIVO COMPONENTES ;FUNDO;48624;001
1134;OLIVO COMPONENTES ;FUNDO;48624;002
1135;OLIVO COMPONENTES ;FUNDO;48624;003
1136;OLIVO COMPONENTES ;FUNDO;48627;001
1137;OLIVO COMPONENTES ;FUNDO;48627;002
1138;OLIVO COMPONENTES ;FUNDO;48627;003
1139;OLIVO COMPONENTES ;FUNDO;48627;004
1140;OLIVO COMPONENTES ;FUNDO;48629;001
1141;OLIVO COMPONENTES ;FUNDO;48629;002
1142;OLIVO COMPONENTES ;FUNDO;48629;003
1143;OLIVO COMPONENTES ;FUNDO;48740;001
1144;OLIVO COMPONENTES ;FUNDO;48740;002
1145;OLIVO COMPONENTES ;FUNDO;48740;003
1146;OLIVO COMPONENTES ;FUNDO;48743;001
1147;OLIVO COMPONENTES ;FUNDO;48743;002
1148;OLIVO COMPONENTES ;FUNDO;48743;003
1149;OLIVO COMPONENTES ;FUNDO;48741;001
1150;OLIVO COMPONENTES ;FUNDO;48741;002
1151;OLIVO COMPONENTES ;FUNDO;48749;001
1152;OLIVO COMPONENTES ;FUNDO;48749;002
1153;OLIVO COMPONENTES ;FUNDO;48749;003
1154;OLIVO COMPONENTES ;FUNDO;48746;001
1155;OLIVO COMPONENTES ;FUNDO;48746;002
1156;OLIVO COMPONENTES ;FUNDO;48746;003
1157;OLIVO COMPONENTES ;FUNDO;48746;004
1158;OLIVO COMPONENTES ;FUNDO;48745;001
1159;OLIVO COMPONENTES ;FUNDO;48745;002
1160;OLIVO COMPONENTES ;FUNDO;48747;001
1161;OLIVO COMPONENTES ;FUNDO;48747;002
1162;OLIVO COMPONENTES ;FUNDO;48747;003
1163;OLIVO COMPONENTES ;FUNDO;48750;001
1164;OLIVO COMPONENTES ;FUNDO;48742;001
1165;OLIVO COMPONENTES ;FUNDO;48742;002
1166;OLIVO COMPONENTES ;FUNDO;48742;003
1167;OLIVO COMPONENTES ;FUNDO;48748;001
1168;OLIVO COMPONENTES ;FUNDO;48748;002
1169;OLIVO COMPONENTES ;FUNDO;48748;003
1170;OLIVO COMPONENTES ;FUNDO;48761;001
1171;OLIVO COMPONENTES ;FUNDO;48761;002
1172;OLIVO COMPONENTES ;FUNDO;48761;003
1173;OLIVO COMPONENTES ;FUNDO;48780;001
1174;OLIVO COMPONENTES ;FUNDO;48780;002
1175;OLIVO COMPONENTES ;FUNDO;48780;003
1176;OLIVO COMPONENTES ;FUNDO;48778;001
1177;OLIVO COMPONENTES ;FUNDO;48778;002
1178;OLIVO COMPONENTES ;FUNDO;48778;003
1179;OLIVO COMPONENTES ;FUNDO;48778;004
1180;OLIVO COMPONENTES ;FUNDO;48776;001
1181;OLIVO COMPONENTES ;FUNDO;48776;002
1182;OLIVO COMPONENTES ;FUNDO;48776;003
1183;OLIVO COMPONENTES ;FUNDO;48776;004
1184;OLIVO COMPONENTES ;FUNDO;48777;001
1185;OLIVO COMPONENTES ;FUNDO;48777;002
1186;OLIVO COMPONENTES ;FUNDO;48777;003
1187;OLIVO COMPONENTES ;FUNDO;48779;001
1188;OLIVO COMPONENTES ;FUNDO;48774;001
1189;OLIVO COMPONENTES ;FUNDO;48774;002
1190;OLIVO COMPONENTES ;FUNDO;48774;003
1191;OLIVO COMPONENTES ;FUNDO;48774;004
1192;OLIVO COMPONENTES ;FUNDO;48504;002
1193;OLIVO COMPONENTES ;FUNDO;48504;003
1194;OLIVO COMPONENTES ;FUNDO;48781;001
1195;OLIVO COMPONENTES ;FUNDO;48781;002
1196;OLIVO COMPONENTES ;FUNDO;48781;003
1197;OLIVO COMPONENTES ;FUNDO;48794;001
1198;OLIVO COMPONENTES ;FUNDO;48794;002
1199;OLIVO COMPONENTES ;FUNDO;48794;003
1200;OLIVO COMPONENTES ;FUNDO;48794;004
1201;OLIVO COMPONENTES ;FUNDO;48797;001
1202;OLIVO COMPONENTES ;FUNDO;48797;002
1203;OLIVO COMPONENTES ;FUNDO;48797;003
1204;OLIVO COMPONENTES ;FUNDO;48798;001
1205;OLIVO COMPONENTES ;FUNDO;48798;002
1206;OLIVO COMPONENTES ;FUNDO;48798;003
1207;OLIVO COMPONENTES ;FUNDO;48798;004
1208;OLIVO COMPONENTES ;FUNDO;48795;001
1209;OLIVO COMPONENTES ;FUNDO;48795;002
1210;OLIVO COMPONENTES ;FUNDO;48795;003
1211;OLIVO COMPONENTES ;FUNDO;48795;004
1212;OLIVO COMPONENTES ;FUNDO;48795;005
1213;OLIVO COMPONENTES ;FUNDO;48795;006
1214;OLIVO COMPONENTES ;FUNDO;48795;007
1215;OLIVO COMPONENTES ;FUNDO;48805;001
1216;OLIVO COMPONENTES ;FUNDO;48805;002
1217;OLIVO COMPONENTES ;FUNDO;48805;003
1218;OLIVO COMPONENTES ;FUNDO;48807;001
1219;OLIVO COMPONENTES ;FUNDO;48807;002
1220;OLIVO COMPONENTES ;FUNDO;48807;003
1221;OLIVO COMPONENTES ;FUNDO;48807;004
1222;OLIVO COMPONENTES ;FUNDO;48832;001
1223;OLIVO COMPONENTES ;FUNDO;48832;002
1224;OLIVO COMPONENTES ;FUNDO;48832;003
1225;OLIVO COMPONENTES ;FUNDO;48832;004
1226;OLIVO COMPONENTES ;FUNDO;48823;001
1227;OLIVO COMPONENTES ;FUNDO;48829;001
1228;OLIVO COMPONENTES ;FUNDO;48829;002
1229;OLIVO COMPONENTES ;FUNDO;48829;003
1230;OLIVO COMPONENTES ;FUNDO;48830;001
1231;OLIVO COMPONENTES ;FUNDO;48830;002
1232;OLIVO COMPONENTES ;FUNDO;48830;003
1233;OLIVO COMPONENTES ;FUNDO;48831;001
1234;OLIVO COMPONENTES ;FUNDO;48831;002
1235;OLIVO COMPONENTES ;FUNDO;48831;003
1236;OLIVO COMPONENTES ;FUNDO;48827;001
1237;OLIVO COMPONENTES ;FUNDO;48827;002
1238;OLIVO COMPONENTES ;FUNDO;48827;003
1239;OLIVO COMPONENTES ;FUNDO;48828;001
1240;OLIVO COMPONENTES ;FUNDO;48828;002
1241;OLIVO COMPONENTES ;FUNDO;48828;003
1242;OLIVO COMPONENTES ;FUNDO;48822;001
1243;OLIVO COMPONENTES ;FUNDO;48822;002
1244;OLIVO COMPONENTES ;FUNDO;48822;003
1245;OLIVO COMPONENTES ;FUNDO;48826;004
1246;OLIVO COMPONENTES ;FUNDO;48826;001
1247;OLIVO COMPONENTES ;FUNDO;48826;002
1248;OLIVO COMPONENTES ;FUNDO;48826;003
1249;OLIVO COMPONENTES ;FUNDO;48815;001
1250;OLIVO COMPONENTES ;FUNDO;48815;002
1251;OLIVO COMPONENTES ;FUNDO;48897;001
1252;OLIVO COMPONENTES ;FUNDO;48897;002
1253;OLIVO COMPONENTES ;FUNDO;48897;003
1254;OLIVO COMPONENTES ;FUNDO;48902;001
1255;OLIVO COMPONENTES ;FUNDO;48902;002
1256;OLIVO COMPONENTES ;FUNDO;48902;003
1257;OLIVO COMPONENTES ;FUNDO;48902;004
1258;OLIVO COMPONENTES ;FUNDO;48902;005
1259;OLIVO COMPONENTES ;FUNDO;48902;006
1260;OLIVO COMPONENTES ;FUNDO;48908;001
1261;OLIVO COMPONENTES ;FUNDO;48908;002
1262;OLIVO COMPONENTES ;FUNDO;48908;003
1263;OLIVO COMPONENTES ;FUNDO;48903;001
1264;OLIVO COMPONENTES ;FUNDO;48903;002
1265;OLIVO COMPONENTES ;FUNDO;48903;003
1266;OLIVO COMPONENTES ;FUNDO;48896;001
1267;OLIVO COMPONENTES ;FUNDO;48896;002
1268;OLIVO COMPONENTES ;FUNDO;48896;003
1269;OLIVO COMPONENTES ;FUNDO;48905;001
1270;OLIVO COMPONENTES ;FUNDO;48905;002
1271;OLIVO COMPONENTES ;FUNDO;48898;001
1272;OLIVO COMPONENTES ;FUNDO;48898;002
1273;OLIVO COMPONENTES ;FUNDO;48898;003
1274;OLIVO COMPONENTES ;FUNDO;48907;001
1275;OLIVO COMPONENTES ;FUNDO;48907;002
1276;OLIVO COMPONENTES ;FUNDO;48907;003
1277;OLIVO COMPONENTES ;FUNDO;48894;001
1278;OLIVO COMPONENTES ;FUNDO;48894;002
1279;OLIVO COMPONENTES ;FUNDO;48894;003
1280;OLIVO COMPONENTES ;FUNDO;48894;004
1281;OLIVO COMPONENTES ;FUNDO;48909;001
1282;OLIVO COMPONENTES ;FUNDO;48909;002
1283;OLIVO COMPONENTES ;FUNDO;48909;004
1284;OLIVO COMPONENTES ;FUNDO;48909;003
1285;OLIVO COMPONENTES ;FUNDO;48909;005
1286;OLIVO COMPONENTES ;FUNDO;48895;001
1287;OLIVO COMPONENTES ;FUNDO;48895;002
1288;OLIVO COMPONENTES ;FUNDO;48895;003
1289;OLIVO COMPONENTES ;FUNDO;48906;001
1290;OLIVO COMPONENTES ;FUNDO;48906;002
1291;OLIVO COMPONENTES ;FUNDO;48906;003
1292;OLIVO COMPONENTES ;FUNDO;48899;001
1293;OLIVO COMPONENTES ;FUNDO;48899;002
1294;OLIVO COMPONENTES ;FUNDO;48899;003
1295;OLIVO COMPONENTES ;FUNDO;48904;001
1296;OLIVO COMPONENTES ;FUNDO;48904;002
1297;OLIVO COMPONENTES ;FUNDO;48904;003
1298;OLIVO COMPONENTES ;FUNDO;48893;001
1299;OLIVO COMPONENTES ;FUNDO;48893;002
1300;OLIVO COMPONENTES ;FUNDO;48893;003
1301;OLIVO COMPONENTES ;FUNDO;48901;001
1302;OLIVO COMPONENTES ;FUNDO;48901;002
1303;OLIVO COMPONENTES ;FUNDO;48901;003
1304;OLIVO COMPONENTES ;FUNDO;48900;001
1305;OLIVO COMPONENTES ;FUNDO;48900;002
1306;OLIVO COMPONENTES ;FUNDO;48910;001
1307;OLIVO COMPONENTES ;FUNDO;48910;002
1308;OLIVO COMPONENTES ;FUNDO;48910;003
1309;OLIVO COMPONENTES ;FUNDO;48913;001
1310;OLIVO COMPONENTES ;FUNDO;48913;002
1311;OLIVO COMPONENTES ;FUNDO;48913;003
1312;OLIVO COMPONENTES ;FUNDO;48913;004
1313;OLIVO COMPONENTES ;FUNDO;48913;005
1314;OLIVO COMPONENTES ;FUNDO;48913;006
1315;OLIVO COMPONENTES ;FUNDO;48915;001
1316;OLIVO COMPONENTES ;FUNDO;48915;002
1317;OLIVO COMPONENTES ;FUNDO;48915;003
1318;OLIVO COMPONENTES ;FUNDO;48915;004
1319;OLIVO COMPONENTES ;FUNDO;48914;001
1320;OLIVO COMPONENTES ;FUNDO;48914;002
1321;OLIVO COMPONENTES ;FUNDO;48914;003
1322;OLIVO COMPONENTES ;FUNDO;48918;001
1323;OLIVO COMPONENTES ;FUNDO;48918;002
1324;OLIVO COMPONENTES ;FUNDO;48918;003
1325;OLIVO COMPONENTES ;FUNDO;48918;004
1326;OLIVO COMPONENTES ;FUNDO;48918;005
1327;OLIVO COMPONENTES ;FUNDO;48917;001
1328;OLIVO COMPONENTES ;FUNDO;48917;002
1329;OLIVO COMPONENTES ;FUNDO;48917;003
1330;OLIVO COMPONENTES ;FUNDO;48965;003
1331;OLIVO COMPONENTES ;FUNDO;48965;001
1332;OLIVO COMPONENTES ;FUNDO;48965;002
1333;OLIVO COMPONENTES ;FUNDO;48963;001
1334;OLIVO COMPONENTES ;FUNDO;48963;002
1335;OLIVO COMPONENTES ;FUNDO;48963;003
1336;OLIVO COMPONENTES ;FUNDO;48971;001
1337;OLIVO COMPONENTES ;FUNDO;48971;002
1338;OLIVO COMPONENTES ;FUNDO;48971;003
1339;OLIVO COMPONENTES ;FUNDO;48975;001
1340;OLIVO COMPONENTES ;FUNDO;48975;002
1341;OLIVO COMPONENTES ;FUNDO;48975;003
1342;OLIVO COMPONENTES ;FUNDO;48975;004
1343;OLIVO COMPONENTES ;FUNDO;48975;005
1344;OLIVO COMPONENTES ;FUNDO;48972;001
1345;OLIVO COMPONENTES ;FUNDO;48972;002
1346;OLIVO COMPONENTES ;FUNDO;48972;003
1347;OLIVO COMPONENTES ;FUNDO;48962;001
1348;OLIVO COMPONENTES ;FUNDO;48966;001
1349;OLIVO COMPONENTES ;FUNDO;48966;002
1350;OLIVO COMPONENTES ;FUNDO;48966;003
1351;OLIVO COMPONENTES ;FUNDO;48967;001
1352;OLIVO COMPONENTES ;FUNDO;48977;001
1353;OLIVO COMPONENTES ;FUNDO;48977;002
1354;OLIVO COMPONENTES ;FUNDO;48974;001
1355;OLIVO COMPONENTES ;FUNDO;48974;002
1356;OLIVO COMPONENTES ;FUNDO;48974;003
1357;OLIVO COMPONENTES ;FUNDO;48974;004
1358;OLIVO COMPONENTES ;FUNDO;48968;001
1359;OLIVO COMPONENTES ;FUNDO;48968;002
1360;OLIVO COMPONENTES ;FUNDO;48968;003
1361;OLIVO COMPONENTES ;FUNDO;48969;002
1362;OLIVO COMPONENTES ;FUNDO;48969;001
1363;OLIVO COMPONENTES ;FUNDO;48969;003
1364;OLIVO COMPONENTES ;FUNDO;48973;001
1365;OLIVO COMPONENTES ;FUNDO;48973;002
1366;OLIVO COMPONENTES ;FUNDO;48973;003
1367;OLIVO COMPONENTES ;FUNDO;48973;004
1368;OLIVO COMPONENTES ;FUNDO;48976;001
1369;OLIVO COMPONENTES ;FUNDO;48976;002
1370;OLIVO COMPONENTES ;FUNDO;48976;003
1371;OLIVO COMPONENTES ;FUNDO;48976;004
1372;OLIVO COMPONENTES ;FUNDO;48976;005
1373;OLIVO COMPONENTES ;FUNDO;48964;007
1374;OLIVO COMPONENTES ;FUNDO;48964;001
1375;OLIVO COMPONENTES ;FUNDO;48964;002
1376;OLIVO COMPONENTES ;FUNDO;48964;003
1377;OLIVO COMPONENTES ;FUNDO;48964;004
1378;OLIVO COMPONENTES ;FUNDO;48964;005
1379;OLIVO COMPONENTES ;FUNDO;48964;006
1380;OLIVO COMPONENTES ;FUNDO;48970;001
1381;OLIVO COMPONENTES ;FUNDO;48970;002
1382;OLIVO COMPONENTES ;FUNDO;48970;003
1383;OLIVO COMPONENTES ;FUNDO;48970;004
1384;OLIVO COMPONENTES ;FUNDO;48970;005
1385;OLIVO COMPONENTES ;FUNDO;49007;001
1386;OLIVO COMPONENTES ;FUNDO;49007;002
1387;OLIVO COMPONENTES ;FUNDO;49007;003
1388;OLIVO COMPONENTES ;FUNDO;47659;001
1389;OLIVO COMPONENTES ;FUNDO;47659;002
1390;OLIVO COMPONENTES ;FUNDO;48127;001
1391;OLIVO COMPONENTES ;FUNDO;48128;001
1392;OLIVO COMPONENTES ;FUNDO;48120;002
1393;OLIVO COMPONENTES ;FUNDO;48135;002
1394;OLIVO COMPONENTES ;FUNDO;48128;002
1395;OLIVO COMPONENTES ;FUNDO;48119;002
1396;OLIVO COMPONENTES ;FUNDO;48140;002
1397;OLIVO COMPONENTES ;FUNDO;48141;002
1398;OLIVO COMPONENTES ;FUNDO;48137;002
1399;OLIVO COMPONENTES ;FUNDO;48139;002
1400;OLIVO COMPONENTES ;FUNDO;48121;002
1401;OLIVO COMPONENTES ;FUNDO;48117;002
1402;OLIVO COMPONENTES ;FUNDO;47929;003
1403;OLIVO COMPONENTES ;FUNDO;48118;001
1404;OLIVO COMPONENTES ;FUNDO;47380;004
1405;OLIVO COMPONENTES ;FUNDO;47378;006
1406;OLIVO COMPONENTES ;FUNDO;47460;004
1407;OLIVO COMPONENTES ;FUNDO;47631;003
1408;OLIVO COMPONENTES ;FUNDO;47632;003
1409;OLIVO COMPONENTES ;FUNDO;47455;004
1410;OLIVO COMPONENTES ;FUNDO;48257;003
1411;OLIVO COMPONENTES ;FUNDO;48252;002
1412;OLIVO COMPONENTES ;FUNDO;47656;003
1413;OLIVO COMPONENTES ;FUNDO;47661;003
1414;OLIVO COMPONENTES ;FUNDO;47921;003
1415;OLIVO COMPONENTES ;FUNDO;48126;002
1416;OLIVO COMPONENTES ;FUNDO;47928;003
1417;OLIVO COMPONENTES ;FUNDO;47425;004
1418;OLIVO COMPONENTES ;FUNDO;47460;005
1419;OLIVO COMPONENTES ;FUNDO;47660;003
1420;OLIVO COMPONENTES ;FUNDO;47455;005
1421;OLIVO COMPONENTES ;FUNDO;47377;004
1422;OLIVO COMPONENTES ;FUNDO;47902;005
1423;OLIVO COMPONENTES ;FUNDO;48018;003
1424;OLIVO COMPONENTES ;FUNDO;47929;004
1425;OLIVO COMPONENTES ;FUNDO;47461;004
1426;OLIVO COMPONENTES ;FUNDO;47660;004
1428;OLIVO COMPONENTES ;FUNDO;47463;004
1429;OLIVO COMPONENTES ;FUNDO;48243;003
1430;OLIVO COMPONENTES ;FUNDO;48257;004
1431;OLIVO COMPONENTES ;FUNDO;48125;003
1432;OLIVO COMPONENTES ;FUNDO;48130;003
1433;OLIVO COMPONENTES ;FUNDO;48128;003
1434;OLIVO COMPONENTES ;FUNDO;48131;003
1435;OLIVO COMPONENTES ;FUNDO;47919;003
1436;OLIVO COMPONENTES ;FUNDO;47926;003
1437;OLIVO COMPONENTES ;FUNDO;47928;004
1438;OLIVO COMPONENTES ;FUNDO;47461;005
1439;OLIVO COMPONENTES ;FUNDO;47460;006
1440;OLIVO COMPONENTES ;FUNDO;47660;005
1441;OLIVO COMPONENTES ;FUNDO;47412;005
1442;OLIVO COMPONENTES ;FUNDO;47631;004
1443;OLIVO COMPONENTES ;FUNDO;47632;004
1444;OLIVO COMPONENTES ;FUNDO;48251;003
1445;OLIVO COMPONENTES ;FUNDO;48265;003
1446;OLIVO COMPONENTES ;FUNDO;47902;006
1447;OLIVO COMPONENTES ;FUNDO;48120;003
1448;OLIVO COMPONENTES ;FUNDO;48135;003
1449;OLIVO COMPONENTES ;FUNDO;48116;003
1450;OLIVO COMPONENTES ;FUNDO;48123;003
1451;OLIVO COMPONENTES ;FUNDO;48119;003
1452;OLIVO COMPONENTES ;FUNDO;48140;003
1453;OLIVO COMPONENTES ;FUNDO;48141;003
1454;OLIVO COMPONENTES ;FUNDO;48137;003
1455;OLIVO COMPONENTES ;FUNDO;48139;003
1456;OLIVO COMPONENTES ;FUNDO;48121;003
1457;OLIVO COMPONENTES ;FUNDO;48126;003
1458;OLIVO COMPONENTES ;FUNDO;48122;003
1459;OLIVO COMPONENTES ;FUNDO;48117;003
1460;OLIVO COMPONENTES ;FUNDO;47926;004
1461;OLIVO COMPONENTES ;FUNDO;48118;002
1462;OLIVO COMPONENTES ;FUNDO;47660;006
1463;OLIVO COMPONENTES ;FUNDO;48257;005
1464;OLIVO COMPONENTES ;FUNDO;48252;003
1465;OLIVO COMPONENTES ;FUNDO;48128;004
1466;OLIVO COMPONENTES ;FUNDO;48131;004
1467;OLIVO COMPONENTES ;FUNDO;48126;004
1468;OLIVO COMPONENTES ;FUNDO;48117;004
1469;OLIVO COMPONENTES ;FUNDO;47660;007
1470;OLIVO COMPONENTES ;FUNDO;47902;007
1471;OLIVO COMPONENTES ;FUNDO;48120;004
1472;OLIVO COMPONENTES ;FUNDO;48116;004
1473;OLIVO COMPONENTES ;FUNDO;48123;004
1474;OLIVO COMPONENTES ;FUNDO;48119;004
1475;OLIVO COMPONENTES ;FUNDO;48141;004
1476;OLIVO COMPONENTES ;FUNDO;48121;004
1477;OLIVO COMPONENTES ;FUNDO;48126;005
1478;OLIVO COMPONENTES ;FUNDO;48122;004
1479;OLIVO COMPONENTES ;FUNDO;48117;005
1480;OLIVO COMPONENTES ;FUNDO;48257;006
1481;OLIVO COMPONENTES ;FUNDO;48126;006
1482;OLIVO COMPONENTES ;FUNDO;48117;006
1483;OLIVO COMPONENTES ;FUNDO;48265;004
1484;OLIVO COMPONENTES ;FUNDO;48118;003
1485;OLIVO COMPONENTES ;FUNDO;48257;007
1486;OLIVO COMPONENTES ;FUNDO;48252;004
1487;OLIVO COMPONENTES ;FUNDO;48118;004
1488;OLIVO COMPONENTES ;FUNDO;46808;002
1489;OLIVO COMPONENTES ;FUNDO;46970;002
1490;OLIVO COMPONENTES ;FUNDO;46939;003
1491;OLIVO COMPONENTES ;FUNDO;47055;001
1492;OLIVO COMPONENTES ;FUNDO;46939;004
1493;OLIVO COMPONENTES ;FUNDO;46939;005
1494;OLIVO COMPONENTES ;FUNDO;47055;002
1495;OLIVO COMPONENTES ;FUNDO;47393;001
1496;OLIVO COMPONENTES ;FUNDO;47393;002
1497;OLIVO COMPONENTES ;FUNDO;47395;001
1498;OLIVO COMPONENTES ;FUNDO;47395;002
1499;OLIVO COMPONENTES ;FUNDO;47257;001
1500;OLIVO COMPONENTES ;FUNDO;46923;002
1501;OLIVO COMPONENTES ;FUNDO;46499;001
1502;OLIVO COMPONENTES ;FUNDO;46088;002
1503;OLIVO COMPONENTES ;FUNDO;46088;001
1504;OLIVO COMPONENTES ;FUNDO;45312;002
1505;OLIVO COMPONENTES ;FUNDO;46939;001
1506;OLIVO COMPONENTES ;FUNDO;47149;001
1507;OLIVO COMPONENTES ;FUNDO;46499;002
1508;OLIVO COMPONENTES ;FUNDO;46939;002
1509;OLIVO COMPONENTES ;FUNDO;47581;001
1510;OLIVO COMPONENTES ;FUNDO;47581;002
1511;OLIVO COMPONENTES ;FUNDO;46808;001
1512;OLIVO COMPONENTES ;FUNDO;46727;001
1513;OLIVO COMPONENTES ;FUNDO;47558;001
1514;OLIVO COMPONENTES ;FUNDO;47141;001
1515;OLIVO COMPONENTES ;FUNDO;46727;002
1516;OLIVO COMPONENTES ;FUNDO;47558;002
1517;OLIVO COMPONENTES ;FUNDO;47339;002
1518;OLIVO COMPONENTES ;FUNDO;47141;002
1519;OLIVO COMPONENTES ;FUNDO;46736;004
1520;OLIVO COMPONENTES ;FUNDO;47702;001
1521;OLIVO COMPONENTES ;FUNDO;47757;001
1522;OLIVO COMPONENTES ;FUNDO;47394;001
1523;OLIVO COMPONENTES ;FUNDO;47605;001
1524;OLIVO COMPONENTES ;FUNDO;47394;002
1525;OLIVO COMPONENTES ;FUNDO;47605;002
1526;OLIVO COMPONENTES ;FUNDO;47702;002
1527;OLIVO COMPONENTES ;FUNDO;47701;001
1528;OLIVO COMPONENTES ;FUNDO;47391;001
1529;OLIVO COMPONENTES ;FUNDO;47702;003
1530;OLIVO COMPONENTES ;FUNDO;47701;002
1531;OLIVO COMPONENTES ;FUNDO;47757;002
1532;OLIVO COMPONENTES ;FUNDO;47702;004
1533;OLIVO COMPONENTES ;FUNDO;47391;002
1534;OLIVO COMPONENTES ;FUNDO;47392;001
1535;OLIVO COMPONENTES ;FUNDO;47675;001
1536;OLIVO COMPONENTES ;FUNDO;47702;005
1537;OLIVO COMPONENTES ;FUNDO;47675;002
1538;OLIVO COMPONENTES ;FUNDO;47152;001
1539;OLIVO COMPONENTES ;FUNDO;47707;001
1540;OLIVO COMPONENTES ;FUNDO;47152;002
1541;OLIVO COMPONENTES ;FUNDO;47707;002
1542;OLIVO COMPONENTES ;FUNDO;47612;001
1543;OLIVO COMPONENTES ;FUNDO;47674;002
1544;OLIVO COMPONENTES ;FUNDO;47339;003
1545;OLIVO COMPONENTES ;FUNDO;47907;002
1546;OLIVO COMPONENTES ;FUNDO;48512;001
1547;OLIVO COMPONENTES ;FUNDO;48511;001
1548;OLIVO COMPONENTES ;FUNDO;47650;003
1549;OLIVO COMPONENTES ;FUNDO;48683;001
1550;OLIVO COMPONENTES ;FUNDO;48681;001
1551;OLIVO COMPONENTES ;FUNDO;47829;003
1552;OLIVO COMPONENTES ;FUNDO;48726;001
1553;OLIVO COMPONENTES ;FUNDO;47830;003
1554;OLIVO COMPONENTES ;FUNDO;48886;001
1555;OLIVO COMPONENTES ;FUNDO;47503;003
1556;OLIVO COMPONENTES ;FUNDO;47838;002
1557;OLIVO COMPONENTES ;FUNDO;47356;006
1558;OLIVO COMPONENTES ;FUNDO;47396;004
1559;OLIVO COMPONENTES ;FUNDO;47723;003
1560;OLIVO COMPONENTES ;FUNDO;48568;001
1561;OLIVO COMPONENTES ;FUNDO;48566;001
1562;OLIVO COMPONENTES ;FUNDO;47598;003
1563;OLIVO COMPONENTES ;FUNDO;48562;001
1564;OLIVO COMPONENTES ;FUNDO;47602;003
1565;OLIVO COMPONENTES ;FUNDO;47599;003
1566;OLIVO COMPONENTES ;FUNDO;47600;003
1567;OLIVO COMPONENTES ;FUNDO;48559;001
1568;OLIVO COMPONENTES ;FUNDO;47601;003
1569;OLIVO COMPONENTES ;FUNDO;48565;001
1570;OLIVO COMPONENTES ;FUNDO;47597;003
1571;OLIVO COMPONENTES ;FUNDO;48569;001
1572;OLIVO COMPONENTES ;FUNDO;47589;003
1573;OLIVO COMPONENTES ;FUNDO;48567;001
1574;OLIVO COMPONENTES ;FUNDO;47587;003
1575;OLIVO COMPONENTES ;FUNDO;48564;001
1576;OLIVO COMPONENTES ;FUNDO;47755;003
1577;OLIVO COMPONENTES ;FUNDO;47867;004
1578;OLIVO COMPONENTES ;FUNDO;47767;003
1579;OLIVO COMPONENTES ;FUNDO;47766;003
1580;OLIVO COMPONENTES ;FUNDO;47869;004
1581;OLIVO COMPONENTES ;FUNDO;47763;003
1582;OLIVO COMPONENTES ;FUNDO;47756;003
1583;OLIVO COMPONENTES ;FUNDO;47900;003
1584;OLIVO COMPONENTES ;FUNDO;47901;003
1585;OLIVO COMPONENTES ;FUNDO;47641;003
1586;OLIVO COMPONENTES ;FUNDO;47897;004
1587;OLIVO COMPONENTES ;FUNDO;47899;003
1588;OLIVO COMPONENTES ;FUNDO;47640;003
1589;OLIVO COMPONENTES ;FUNDO;48107;004
1590;OLIVO COMPONENTES ;FUNDO;48502;001
1591;OLIVO COMPONENTES ;FUNDO;47644;003
1592;OLIVO COMPONENTES ;FUNDO;48503;001
1593;OLIVO COMPONENTES ;FUNDO;47642;003
1594;OLIVO COMPONENTES ;FUNDO;47889;003
1595;OLIVO COMPONENTES ;FUNDO;48685;001
1596;OLIVO COMPONENTES ;FUNDO;47909;003
1597;OLIVO COMPONENTES ;FUNDO;47903;003
1598;OLIVO COMPONENTES ;FUNDO;47906;003
1599;OLIVO COMPONENTES ;FUNDO;48682;001
1600;OLIVO COMPONENTES ;FUNDO;47905;003
1601;OLIVO COMPONENTES ;FUNDO;48386;002
1602;OLIVO COMPONENTES ;FUNDO;47724;003
1603;OLIVO COMPONENTES ;FUNDO;47729;003
1604;OLIVO COMPONENTES ;FUNDO;47725;003
1605;OLIVO COMPONENTES ;FUNDO;47730;003
1606;OLIVO COMPONENTES ;FUNDO;47586;003
1607;OLIVO COMPONENTES ;FUNDO;47603;003
1608;OLIVO COMPONENTES ;FUNDO;47595;003
1609;OLIVO COMPONENTES ;FUNDO;47590;003
1610;OLIVO COMPONENTES ;FUNDO;47356;007
1611;OLIVO COMPONENTES ;FUNDO;47594;003
1612;OLIVO COMPONENTES ;FUNDO;47593;003
1613;OLIVO COMPONENTES ;FUNDO;47396;005
1614;OLIVO COMPONENTES ;FUNDO;48555;002
1615;OLIVO COMPONENTES ;FUNDO;47582;004
1616;OLIVO COMPONENTES ;FUNDO;47859;003
1617;OLIVO COMPONENTES ;FUNDO;48554;002
1618;OLIVO COMPONENTES ;FUNDO;48409;002
1619;OLIVO COMPONENTES ;FUNDO;48411;002
1620;OLIVO COMPONENTES ;FUNDO;47884;003
1621;OLIVO COMPONENTES ;FUNDO;48760;001
1622;OLIVO COMPONENTES ;FUNDO;47954;003
1623;OLIVO COMPONENTES ;FUNDO;47881;005
1624;OLIVO COMPONENTES ;FUNDO;48770;001
1625;OLIVO COMPONENTES ;FUNDO;48511;002
1626;OLIVO COMPONENTES ;FUNDO;47643;004
1627;OLIVO COMPONENTES ;FUNDO;48684;001
1628;OLIVO COMPONENTES ;FUNDO;47823;003
1629;OLIVO COMPONENTES ;FUNDO;47907;003
1630;OLIVO COMPONENTES ;FUNDO;48681;002
1631;OLIVO COMPONENTES ;FUNDO;48718;001
1632;OLIVO COMPONENTES ;FUNDO;48719;001
1633;OLIVO COMPONENTES ;FUNDO;48716;001
1634;OLIVO COMPONENTES ;FUNDO;48717;001
1635;OLIVO COMPONENTES ;FUNDO;47834;003
1636;OLIVO COMPONENTES ;FUNDO;47832;003
1637;OLIVO COMPONENTES ;FUNDO;47399;004
1638;OLIVO COMPONENTES ;FUNDO;48886;002
1639;OLIVO COMPONENTES ;FUNDO;47828;004
1640;OLIVO COMPONENTES ;FUNDO;47858;003
1641;OLIVO COMPONENTES ;FUNDO;47407;005
1642;OLIVO COMPONENTES ;FUNDO;47833;003
1643;OLIVO COMPONENTES ;FUNDO;47836;003
1644;OLIVO COMPONENTES ;FUNDO;47500;004
1645;OLIVO COMPONENTES ;FUNDO;47356;008
1646;OLIVO COMPONENTES ;FUNDO;47835;003
1647;OLIVO COMPONENTES ;FUNDO;47593;004
1648;OLIVO COMPONENTES ;FUNDO;47396;006
1649;OLIVO COMPONENTES ;FUNDO;47588;003
1650;OLIVO COMPONENTES ;FUNDO;47398;004
1651;OLIVO COMPONENTES ;FUNDO;47831;003
1652;OLIVO COMPONENTES ;FUNDO;47837;003
1653;OLIVO COMPONENTES ;FUNDO;47838;003
1654;OLIVO COMPONENTES ;FUNDO;48562;002
1655;OLIVO COMPONENTES ;FUNDO;47855;003
1656;OLIVO COMPONENTES ;FUNDO;47845;003
1657;OLIVO COMPONENTES ;FUNDO;48563;002
1658;OLIVO COMPONENTES ;FUNDO;48569;002
1659;OLIVO COMPONENTES ;FUNDO;48651;001
1660;OLIVO COMPONENTES ;FUNDO;48763;001
1661;OLIVO COMPONENTES ;FUNDO;47867;005
1662;OLIVO COMPONENTES ;FUNDO;47759;004
1663;OLIVO COMPONENTES ;FUNDO;47758;004
1664;OLIVO COMPONENTES ;FUNDO;47760;004
1665;OLIVO COMPONENTES ;FUNDO;47879;003
1666;OLIVO COMPONENTES ;FUNDO;47869;005
1667;OLIVO COMPONENTES ;FUNDO;47868;003
1668;OLIVO COMPONENTES ;FUNDO;47870;003
1669;OLIVO COMPONENTES ;FUNDO;48759;001
1670;OLIVO COMPONENTES ;FUNDO;47866;003
1671;OLIVO COMPONENTES ;FUNDO;47880;003
1672;OLIVO COMPONENTES ;FUNDO;47876;003
1673;OLIVO COMPONENTES ;FUNDO;47875;003
1674;OLIVO COMPONENTES ;FUNDO;47874;003
1675;OLIVO COMPONENTES ;FUNDO;47865;003
1676;OLIVO COMPONENTES ;FUNDO;47900;004
1677;OLIVO COMPONENTES ;FUNDO;48513;002
1678;OLIVO COMPONENTES ;FUNDO;47897;005
1679;OLIVO COMPONENTES ;FUNDO;47895;003
1680;OLIVO COMPONENTES ;FUNDO;48514;002
1681;OLIVO COMPONENTES ;FUNDO;48107;005
1682;OLIVO COMPONENTES ;FUNDO;47898;003
1683;OLIVO COMPONENTES ;FUNDO;47896;003
1684;OLIVO COMPONENTES ;FUNDO;48687;001
1685;OLIVO COMPONENTES ;FUNDO;48678;001
1686;OLIVO COMPONENTES ;FUNDO;48688;001
1687;OLIVO COMPONENTES ;FUNDO;47912;003
1688;OLIVO COMPONENTES ;FUNDO;48686;001
1689;OLIVO COMPONENTES ;FUNDO;47910;003
1690;OLIVO COMPONENTES ;FUNDO;47494;004
1691;OLIVO COMPONENTES ;FUNDO;48689;001
1692;OLIVO COMPONENTES ;FUNDO;47913;003
1693;OLIVO COMPONENTES ;FUNDO;47906;004
1694;OLIVO COMPONENTES ;FUNDO;47915;003
1695;OLIVO COMPONENTES ;FUNDO;48682;002
1696;OLIVO COMPONENTES ;FUNDO;47916;003
1697;OLIVO COMPONENTES ;FUNDO;48873;001
1698;OLIVO COMPONENTES ;FUNDO;48679;001
1699;OLIVO COMPONENTES ;FUNDO;48680;001
1700;OLIVO COMPONENTES ;FUNDO;47911;003
1701;OLIVO COMPONENTES ;FUNDO;48874;001
1702;OLIVO COMPONENTES ;FUNDO;48714;001
1703;OLIVO COMPONENTES ;FUNDO;48715;001
1704;OLIVO COMPONENTES ;FUNDO;47540;004
1705;OLIVO COMPONENTES ;FUNDO;47586;004
1706;OLIVO COMPONENTES ;FUNDO;47491;005
1707;OLIVO COMPONENTES ;FUNDO;47595;004
1708;OLIVO COMPONENTES ;FUNDO;47590;004
1709;OLIVO COMPONENTES ;FUNDO;47833;004
1710;OLIVO COMPONENTES ;FUNDO;47836;004
1711;OLIVO COMPONENTES ;FUNDO;47685;001
1712;OLIVO COMPONENTES ;FUNDO;47835;004
1713;OLIVO COMPONENTES ;FUNDO;47593;005
1714;OLIVO COMPONENTES ;FUNDO;47847;003
1715;OLIVO COMPONENTES ;FUNDO;47851;003
1716;OLIVO COMPONENTES ;FUNDO;47850;003
1717;OLIVO COMPONENTES ;FUNDO;47849;003
1718;OLIVO COMPONENTES ;FUNDO;47848;003
1719;OLIVO COMPONENTES ;FUNDO;47398;005
1720;OLIVO COMPONENTES ;FUNDO;47831;004
1721;OLIVO COMPONENTES ;FUNDO;47837;004
1722;OLIVO COMPONENTES ;FUNDO;47844;003
1723;OLIVO COMPONENTES ;FUNDO;47838;004
1724;OLIVO COMPONENTES ;FUNDO;48410;002
1725;OLIVO COMPONENTES ;FUNDO;48555;003
1726;OLIVO COMPONENTES ;FUNDO;48561;002
1727;OLIVO COMPONENTES ;FUNDO;48560;002
1728;OLIVO COMPONENTES ;FUNDO;48556;002
1729;OLIVO COMPONENTES ;FUNDO;48554;003
1730;OLIVO COMPONENTES ;FUNDO;47843;003
1731;OLIVO COMPONENTES ;FUNDO;48557;002
1732;OLIVO COMPONENTES ;FUNDO;47884;004
1733;OLIVO COMPONENTES ;FUNDO;47883;003
1734;OLIVO COMPONENTES ;FUNDO;47881;006
1735;OLIVO COMPONENTES ;FUNDO;48497;002
1736;OLIVO COMPONENTES ;FUNDO;47875;004
1737;OLIVO COMPONENTES ;FUNDO;47874;004
1738;OLIVO COMPONENTES ;FUNDO;47876;004
1739;OLIVO COMPONENTES ;FUNDO;48771;001
1740;OLIVO COMPONENTES ;FUNDO;47900;005
1741;OLIVO COMPONENTES ;FUNDO;47901;004
1742;OLIVO COMPONENTES ;FUNDO;48512;002
1743;OLIVO COMPONENTES ;FUNDO;48511;003
1744;OLIVO COMPONENTES ;FUNDO;47898;004
1745;OLIVO COMPONENTES ;FUNDO;48772;001
1746;OLIVO COMPONENTES ;FUNDO;48865;001
1747;OLIVO COMPONENTES ;FUNDO;48868;001
1748;OLIVO COMPONENTES ;FUNDO;48683;002
1749;OLIVO COMPONENTES ;FUNDO;47903;004
1750;OLIVO COMPONENTES ;FUNDO;47907;004
1751;OLIVO COMPONENTES ;FUNDO;48679;002
1752;OLIVO COMPONENTES ;FUNDO;48681;003
1753;OLIVO COMPONENTES ;FUNDO;48867;001
1754;OLIVO COMPONENTES ;FUNDO;48680;002
1755;OLIVO COMPONENTES ;FUNDO;48726;002
1756;OLIVO COMPONENTES ;FUNDO;48891;001
1757;OLIVO COMPONENTES ;FUNDO;48889;001
1758;OLIVO COMPONENTES ;FUNDO;48892;001
1759;OLIVO COMPONENTES ;FUNDO;48890;001
1760;OLIVO COMPONENTES ;FUNDO;48713;001
1761;OLIVO COMPONENTES ;FUNDO;47603;004
1762;OLIVO COMPONENTES ;FUNDO;47858;004
1763;OLIVO COMPONENTES ;FUNDO;47595;005
1764;OLIVO COMPONENTES ;FUNDO;47590;005
1765;OLIVO COMPONENTES ;FUNDO;47685;002
1766;OLIVO COMPONENTES ;FUNDO;47835;005
1767;OLIVO COMPONENTES ;FUNDO;47594;004
1768;OLIVO COMPONENTES ;FUNDO;48508;001
1769;OLIVO COMPONENTES ;FUNDO;48507;001
1770;OLIVO COMPONENTES ;FUNDO;48506;001
1771;OLIVO COMPONENTES ;FUNDO;48505;001
1772;OLIVO COMPONENTES ;FUNDO;48509;001
1773;OLIVO COMPONENTES ;FUNDO;47593;006
1774;OLIVO COMPONENTES ;FUNDO;47723;004
1775;OLIVO COMPONENTES ;FUNDO;47831;005
1776;OLIVO COMPONENTES ;FUNDO;47844;004
1777;OLIVO COMPONENTES ;FUNDO;47838;005
1778;OLIVO COMPONENTES ;FUNDO;48568;002
1779;OLIVO COMPONENTES ;FUNDO;48566;002
1780;OLIVO COMPONENTES ;FUNDO;48562;003
1781;OLIVO COMPONENTES ;FUNDO;48559;002
1782;OLIVO COMPONENTES ;FUNDO;48565;002
1783;OLIVO COMPONENTES ;FUNDO;48563;003
1784;OLIVO COMPONENTES ;FUNDO;48569;003
1785;OLIVO COMPONENTES ;FUNDO;48567;002
1786;OLIVO COMPONENTES ;FUNDO;48564;002
1787;OLIVO COMPONENTES ;FUNDO;47867;006
1788;OLIVO COMPONENTES ;FUNDO;47869;006
1789;OLIVO COMPONENTES ;FUNDO;47874;005
1790;OLIVO COMPONENTES ;FUNDO;48107;006
1791;OLIVO COMPONENTES ;FUNDO;48502;002
1792;OLIVO COMPONENTES ;FUNDO;48503;002
1793;OLIVO COMPONENTES ;FUNDO;47642;004
1794;OLIVO COMPONENTES ;FUNDO;48872;001
1795;OLIVO COMPONENTES ;FUNDO;48871;001
1796;OLIVO COMPONENTES ;FUNDO;48866;001
1797;OLIVO COMPONENTES ;FUNDO;48682;003
1798;OLIVO COMPONENTES ;FUNDO;48869;001
1799;OLIVO COMPONENTES ;FUNDO;48870;001
1800;OLIVO COMPONENTES ;FUNDO;48386;003
1801;OLIVO COMPONENTES ;FUNDO;47729;004
1802;OLIVO COMPONENTES ;FUNDO;47725;004
1803;OLIVO COMPONENTES ;FUNDO;47685;003
1804;OLIVO COMPONENTES ;FUNDO;47835;006
1805;OLIVO COMPONENTES ;FUNDO;47847;004
1806;OLIVO COMPONENTES ;FUNDO;47851;004
1807;OLIVO COMPONENTES ;FUNDO;47850;004
1808;OLIVO COMPONENTES ;FUNDO;47849;004
1809;OLIVO COMPONENTES ;FUNDO;47848;004
1810;OLIVO COMPONENTES ;FUNDO;47723;005
1811;OLIVO COMPONENTES ;FUNDO;47831;006
1812;OLIVO COMPONENTES ;FUNDO;48409;003
1813;OLIVO COMPONENTES ;FUNDO;48651;002
1814;OLIVO COMPONENTES ;FUNDO;48760;002
1815;OLIVO COMPONENTES ;FUNDO;48937;001
1816;OLIVO COMPONENTES ;FUNDO;48770;002
1817;OLIVO COMPONENTES ;FUNDO;48511;004
1818;OLIVO COMPONENTES ;FUNDO;48684;002
1819;OLIVO COMPONENTES ;FUNDO;48866;002
1820;OLIVO COMPONENTES ;FUNDO;47917;004
1821;OLIVO COMPONENTES ;FUNDO;48873;002
1822;OLIVO COMPONENTES ;FUNDO;48891;002
1823;OLIVO COMPONENTES ;FUNDO;48718;002
1824;OLIVO COMPONENTES ;FUNDO;48719;002
1825;OLIVO COMPONENTES ;FUNDO;48716;002
1826;OLIVO COMPONENTES ;FUNDO;48717;002
1827;OLIVO COMPONENTES ;FUNDO;48890;002
1828;OLIVO COMPONENTES ;FUNDO;47828;005
1829;OLIVO COMPONENTES ;FUNDO;47685;004
1830;OLIVO COMPONENTES ;FUNDO;48563;004
1831;OLIVO COMPONENTES ;FUNDO;48411;003
1832;OLIVO COMPONENTES ;FUNDO;48763;002
1833;OLIVO COMPONENTES ;FUNDO;48759;002
1834;OLIVO COMPONENTES ;FUNDO;47866;004
1835;OLIVO COMPONENTES ;FUNDO;48687;002
1836;OLIVO COMPONENTES ;FUNDO;48678;002
1837;OLIVO COMPONENTES ;FUNDO;48688;002
1838;OLIVO COMPONENTES ;FUNDO;48872;002
1839;OLIVO COMPONENTES ;FUNDO;48689;002
1840;OLIVO COMPONENTES ;FUNDO;47916;004
1841;OLIVO COMPONENTES ;FUNDO;48874;002
1842;OLIVO COMPONENTES ;FUNDO;48714;002
1843;OLIVO COMPONENTES ;FUNDO;48891;003
1844;OLIVO COMPONENTES ;FUNDO;48715;002
1845;OLIVO COMPONENTES ;FUNDO;48410;003
1846;OLIVO COMPONENTES ;FUNDO;48560;003
1847;OLIVO COMPONENTES ;FUNDO;48561;003
1848;OLIVO COMPONENTES ;FUNDO;48497;003
1849;OLIVO COMPONENTES ;FUNDO;48771;002
1850;OLIVO COMPONENTES ;FUNDO;48512;003
1851;OLIVO COMPONENTES ;FUNDO;48513;003
1852;OLIVO COMPONENTES ;FUNDO;48511;005
1853;OLIVO COMPONENTES ;FUNDO;48514;003
1854;OLIVO COMPONENTES ;FUNDO;48772;002
1855;OLIVO COMPONENTES ;FUNDO;48865;002
1856;OLIVO COMPONENTES ;FUNDO;48868;002
1857;OLIVO COMPONENTES ;FUNDO;48871;002
1858;OLIVO COMPONENTES ;FUNDO;48866;003
1859;OLIVO COMPONENTES ;FUNDO;48679;003
1860;OLIVO COMPONENTES ;FUNDO;48869;002
1861;OLIVO COMPONENTES ;FUNDO;48867;002
1862;OLIVO COMPONENTES ;FUNDO;48870;002
1863;OLIVO COMPONENTES ;FUNDO;48680;003
1864;OLIVO COMPONENTES ;FUNDO;48726;003
1865;OLIVO COMPONENTES ;FUNDO;48889;002
1866;OLIVO COMPONENTES ;FUNDO;48892;002
1867;OLIVO COMPONENTES ;FUNDO;48890;003
1868;OLIVO COMPONENTES ;FUNDO;48713;002
1869;OLIVO COMPONENTES ;FUNDO;48568;003
1870;OLIVO COMPONENTES ;FUNDO;48566;003
1871;OLIVO COMPONENTES ;FUNDO;48559;003
1872;OLIVO COMPONENTES ;FUNDO;48565;003
1873;OLIVO COMPONENTES ;FUNDO;48569;004
1874;OLIVO COMPONENTES ;FUNDO;48411;004
1875;OLIVO COMPONENTES ;FUNDO;48567;003
1876;OLIVO COMPONENTES ;FUNDO;48564;003
1877;OLIVO COMPONENTES ;FUNDO;48502;003
1878;OLIVO COMPONENTES ;FUNDO;48503;003
1879;OLIVO COMPONENTES ;FUNDO;48386;004
1880;OLIVO COMPONENTES ;FUNDO;48891;004
1881;OLIVO COMPONENTES ;FUNDO;48651;003
1882;OLIVO COMPONENTES ;FUNDO;48760;003
1883;OLIVO COMPONENTES ;FUNDO;48937;002
1884;OLIVO COMPONENTES ;FUNDO;48511;006
1885;OLIVO COMPONENTES ;FUNDO;48684;003
1886;OLIVO COMPONENTES ;FUNDO;48865;003
1887;OLIVO COMPONENTES ;FUNDO;48872;003
1888;OLIVO COMPONENTES ;FUNDO;48868;003
1889;OLIVO COMPONENTES ;FUNDO;48871;003
1890;OLIVO COMPONENTES ;FUNDO;48866;004
1891;OLIVO COMPONENTES ;FUNDO;48873;003
1892;OLIVO COMPONENTES ;FUNDO;48679;004
1893;OLIVO COMPONENTES ;FUNDO;48869;003
1894;OLIVO COMPONENTES ;FUNDO;48867;003
1895;OLIVO COMPONENTES ;FUNDO;48870;003
1896;OLIVO COMPONENTES ;FUNDO;48726;004
1897;OLIVO COMPONENTES ;FUNDO;48386;005
1898;OLIVO COMPONENTES ;FUNDO;48718;003
1899;OLIVO COMPONENTES ;FUNDO;48719;003
1900;OLIVO COMPONENTES ;FUNDO;48716;003
1901;OLIVO COMPONENTES ;FUNDO;48717;003
1902;OLIVO COMPONENTES ;FUNDO;48890;004
1903;OLIVO COMPONENTES ;FUNDO;48763;003
1904;OLIVO COMPONENTES ;FUNDO;48514;004
1905;OLIVO COMPONENTES ;FUNDO;48678;003
1906;OLIVO COMPONENTES ;FUNDO;48688;003
1907;OLIVO COMPONENTES ;FUNDO;48689;003
1908;OLIVO COMPONENTES ;FUNDO;48874;003
1909;OLIVO COMPONENTES ;FUNDO;48726;005
1910;OLIVO COMPONENTES ;FUNDO;48714;003
1911;OLIVO COMPONENTES ;FUNDO;48891;005
1912;OLIVO COMPONENTES ;FUNDO;48715;003
1913;OLIVO COMPONENTES ;FUNDO;48497;004
1914;OLIVO COMPONENTES ;FUNDO;48511;007
1915;OLIVO COMPONENTES ;FUNDO;48772;003
1916;OLIVO COMPONENTES ;FUNDO;48872;004
1917;OLIVO COMPONENTES ;FUNDO;48866;005
1918;OLIVO COMPONENTES ;FUNDO;48869;004
1919;OLIVO COMPONENTES ;FUNDO;48680;004
1920;OLIVO COMPONENTES ;FUNDO;48726;006
1921;OLIVO COMPONENTES ;FUNDO;48889;003
1922;OLIVO COMPONENTES ;FUNDO;48892;003
1923;OLIVO COMPONENTES ;FUNDO;48717;004
1924;OLIVO COMPONENTES ;FUNDO;48890;005
1925;OLIVO COMPONENTES ;FUNDO;48713;003
1926;OLIVO COMPONENTES ;FUNDO;48565;004
1927;OLIVO COMPONENTES ;FUNDO;48503;004
1928;OLIVO COMPONENTES ;FUNDO;48866;006
1929;OLIVO COMPONENTES ;FUNDO;48869;005
1930;OLIVO COMPONENTES ;FUNDO;48874;004
1931;OLIVO COMPONENTES ;FUNDO;48726;007
1932;OLIVO COMPONENTES ;FUNDO;48891;006
1933;OLIVO COMPONENTES ;FUNDO;48760;004
1934;OLIVO COMPONENTES ;FUNDO;48937;003
1935;OLIVO COMPONENTES ;FUNDO;48869;006
1936;OLIVO COMPONENTES ;FUNDO;48717;005
1937;OLIVO COMPONENTES ;FUNDO;48763;004
1938;OLIVO COMPONENTES ;FUNDO;48869;007
1939;OLIVO COMPONENTES ;FUNDO;48714;004
1940;OLIVO COMPONENTES ;FUNDO;48891;007
1941;OLIVO COMPONENTES ;FUNDO;48889;004
1942;OLIVO COMPONENTES ;FUNDO;48892;004
1943;OLIVO COMPONENTES ;FUNDO;46175;001
1944;OLIVO COMPONENTES ;FUNDO;46175;002
1945;OLIVO COMPONENTES ;FUNDO;46756;005
1946;OLIVO COMPONENTES ;FUNDO;46611;002
1947;OLIVO COMPONENTES ;FUNDO;46611;001
1948;OLIVO COMPONENTES ;FUNDO;46924;001
1949;OLIVO COMPONENTES ;FUNDO;46924;002
1950;OLIVO COMPONENTES ;FUNDO;46923;001
1951;OLIVO COMPONENTES ;FUNDO;46923;002
1952;OLIVO COMPONENTES ;FUNDO;47523;004
1953;OLIVO COMPONENTES ;FUNDO;47524;003
1954;OLIVO COMPONENTES ;FUNDO;47524;004
1955;OLIVO COMPONENTES ;FUNDO;47525;003
1956;OLIVO COMPONENTES ;FUNDO;47525;004
1957;OLIVO COMPONENTES ;FUNDO;47525;005
1958;OLIVO COMPONENTES ;FUNDO;47532;004
1959;OLIVO COMPONENTES ;FUNDO;47525;006
1960;OLIVO COMPONENTES ;FUNDO;47526;004
1961;OLIVO COMPONENTES ;FUNDO;47527;003
1962;OLIVO COMPONENTES ;FUNDO;47527;004
1963;OLIVO COMPONENTES ;FUNDO;47528;003
1964;OLIVO COMPONENTES ;FUNDO;47528;004
1965;OLIVO COMPONENTES ;FUNDO;47530;003
1966;OLIVO COMPONENTES ;FUNDO;47530;004
1967;OLIVO COMPONENTES ;FUNDO;47526;003
1968;OLIVO COMPONENTES ;FUNDO;47525;007
1969;OLIVO COMPONENTES ;FUNDO;47521;003
1970;OLIVO COMPONENTES ;FUNDO;47550;003
1971;OLIVO COMPONENTES ;FUNDO;47657;003
1972;OLIVO COMPONENTES ;FUNDO;48752;007
1973;OLIVO COMPONENTES ;FUNDO;48158;002
1974;OLIVO COMPONENTES ;FUNDO;48148;002
1975;OLIVO COMPONENTES ;FUNDO;48160;002
1976;OLIVO COMPONENTES ;FUNDO;47274;005
1977;OLIVO COMPONENTES ;FUNDO;47349;004
1978;OLIVO COMPONENTES ;FUNDO;47279;004
1979;OLIVO COMPONENTES ;FUNDO;47282;004
1980;OLIVO COMPONENTES ;FUNDO;47276;004
1981;OLIVO COMPONENTES ;FUNDO;47278;004
1982;OLIVO COMPONENTES ;FUNDO;48692;001
1983;OLIVO COMPONENTES ;FUNDO;48672;001
1984;OLIVO COMPONENTES ;FUNDO;47320;004
1985;OLIVO COMPONENTES ;FUNDO;47324;004
1986;OLIVO COMPONENTES ;FUNDO;47297;004
1987;OLIVO COMPONENTES ;FUNDO;47302;004
1988;OLIVO COMPONENTES ;FUNDO;48154;002
1989;OLIVO COMPONENTES ;FUNDO;48155;002
1990;OLIVO COMPONENTES ;FUNDO;48156;002
1991;OLIVO COMPONENTES ;FUNDO;48157;002
1992;OLIVO COMPONENTES ;FUNDO;48712;001
1993;OLIVO COMPONENTES ;FUNDO;48773;001
1994;OLIVO COMPONENTES ;FUNDO;47350;004
1995;OLIVO COMPONENTES ;FUNDO;47348;004
1996;OLIVO COMPONENTES ;FUNDO;47345;004
1997;OLIVO COMPONENTES ;FUNDO;47343;004
1998;OLIVO COMPONENTES ;FUNDO;48711;001
1999;OLIVO COMPONENTES ;FUNDO;48055;001
2000;OLIVO COMPONENTES ;FUNDO;48054;001
2001;OLIVO COMPONENTES ;FUNDO;48051;001
2002;OLIVO COMPONENTES ;FUNDO;48050;001
2003;OLIVO COMPONENTES ;FUNDO;48782;001
2004;OLIVO COMPONENTES ;FUNDO;48151;003
2005;OLIVO COMPONENTES ;FUNDO;48158;003
2006;OLIVO COMPONENTES ;FUNDO;48159;003
2007;OLIVO COMPONENTES ;FUNDO;48817;001
2008;OLIVO COMPONENTES ;FUNDO;48818;001
2009;OLIVO COMPONENTES ;FUNDO;48819;001
2010;OLIVO COMPONENTES ;FUNDO;48820;001
2011;OLIVO COMPONENTES ;FUNDO;48821;001
2012;OLIVO COMPONENTES ;FUNDO;48147;003
2013;OLIVO COMPONENTES ;FUNDO;48148;003
2014;OLIVO COMPONENTES ;FUNDO;48160;003
2015;OLIVO COMPONENTES ;FUNDO;48993;001
2016;OLIVO COMPONENTES ;FUNDO;48744;001
2017;OLIVO COMPONENTES ;FUNDO;48692;002
2018;OLIVO COMPONENTES ;FUNDO;48672;002
2019;OLIVO COMPONENTES ;FUNDO;48154;003
2020;OLIVO COMPONENTES ;FUNDO;48155;003
2021;OLIVO COMPONENTES ;FUNDO;48156;003
2022;OLIVO COMPONENTES ;FUNDO;48157;003
2023;OLIVO COMPONENTES ;FUNDO;48712;002
2024;OLIVO COMPONENTES ;FUNDO;48992;001
2025;OLIVO COMPONENTES ;FUNDO;48817;002
2026;OLIVO COMPONENTES ;FUNDO;48818;002
2027;OLIVO COMPONENTES ;FUNDO;48819;002
2028;OLIVO COMPONENTES ;FUNDO;48820;002
2029;OLIVO COMPONENTES ;FUNDO;48821;002
2030;OLIVO COMPONENTES ;FUNDO;48773;002
2031;OLIVO COMPONENTES ;FUNDO;48154;004
2032;OLIVO COMPONENTES ;FUNDO;48711;002
2033;OLIVO COMPONENTES ;FUNDO;48782;002
2034;OLIVO COMPONENTES ;FUNDO;48156;004
2035;OLIVO COMPONENTES ;FUNDO;48157;004
2036;OLIVO COMPONENTES ;FUNDO;48158;004
2037;OLIVO COMPONENTES ;FUNDO;48817;003
2038;OLIVO COMPONENTES ;FUNDO;48818;003
2039;OLIVO COMPONENTES ;FUNDO;48819;003
2040;OLIVO COMPONENTES ;FUNDO;48820;003
2041;OLIVO COMPONENTES ;FUNDO;48821;003
2042;OLIVO COMPONENTES ;FUNDO;48147;004
2043;OLIVO COMPONENTES ;FUNDO;48744;002
2044;OLIVO COMPONENTES ;FUNDO;49009;002
2045;OLIVO COMPONENTES ;FUNDO;48727;001
2046;OLIVO COMPONENTES ;FUNDO;48692;003
2047;OLIVO COMPONENTES ;FUNDO;48672;003
2048;OLIVO COMPONENTES ;FUNDO;48712;003
2049;OLIVO COMPONENTES ;FUNDO;48817;004
2050;OLIVO COMPONENTES ;FUNDO;48818;004
2051;OLIVO COMPONENTES ;FUNDO;48819;004
2052;OLIVO COMPONENTES ;FUNDO;48820;004
2053;OLIVO COMPONENTES ;FUNDO;48821;004
2054;OLIVO COMPONENTES ;FUNDO;48773;003
2055;OLIVO COMPONENTES ;FUNDO;48711;003
2056;OLIVO COMPONENTES ;FUNDO;48782;003
2057;OLIVO COMPONENTES ;FUNDO;48817;005
2058;OLIVO COMPONENTES ;FUNDO;48818;005
2059;OLIVO COMPONENTES ;FUNDO;48819;005
2060;OLIVO COMPONENTES ;FUNDO;48820;005
2061;OLIVO COMPONENTES ;FUNDO;48821;005
2062;OLIVO COMPONENTES ;FUNDO;48782;004
2063;OLIVO COMPONENTES ;FUNDO;48692;004
2064;OLIVO COMPONENTES ;FUNDO;48817;006
2065;OLIVO COMPONENTES ;FUNDO;48818;006
2066;OLIVO COMPONENTES ;FUNDO;48819;006
2067;OLIVO COMPONENTES ;FUNDO;48820;006
2068;OLIVO COMPONENTES ;FUNDO;48820;007
2069;OLIVO COMPONENTES ;FUNDO;49009;003
2070;OLIVO COMPONENTES ;FUNDO;42005;003
2071;OLIVO COMPONENTES ;FUNDO;41969;003
2072;OLIVO COMPONENTES ;FUNDO;42002;003
2073;OLIVO COMPONENTES ;FUNDO;41987;003
2074;OLIVO COMPONENTES ;FUNDO;44569;003
2075;OLIVO COMPONENTES ;FUNDO;44531;002
2076;OLIVO COMPONENTES ;FUNDO;48752;004
2077;OLIVO COMPONENTES ;FUNDO;48752;005
2078;OLIVO COMPONENTES ;FUNDO;48752;006
2079;OLIVO COMPONENTES ;FUNDO;48052;001
2080;OLIVO COMPONENTES ;FUNDO;48028;002
2081;OLIVO COMPONENTES ;FUNDO;47211;005
2082;OLIVO COMPONENTES ;FUNDO;47220;004
2083;OLIVO COMPONENTES ;FUNDO;48073;003
2084;OLIVO COMPONENTES ;FUNDO;48079;002
2085;OLIVO COMPONENTES ;FUNDO;47220;005
2086;OLIVO COMPONENTES ;FUNDO;48024;003
2087;OLIVO COMPONENTES ;FUNDO;48025;003
2088;OLIVO COMPONENTES ;FUNDO;48073;004
2089;OLIVO COMPONENTES ;FUNDO;48076;003
2090;OLIVO COMPONENTES ;FUNDO;48077;003
2091;OLIVO COMPONENTES ;FUNDO;48078;003
2092;OLIVO COMPONENTES ;FUNDO;48073;005
2093;OLIVO COMPONENTES ;FUNDO;48028;003
2094;OLIVO COMPONENTES ;FUNDO;48073;006
2095;OLIVO COMPONENTES ;FUNDO;48079;003
2096;OLIVO COMPONENTES ;FUNDO;48073;007
2097;OLIVO COMPONENTES ;FUNDO;48073;008
2098;OLIVO COMPONENTES ;FUNDO;48028;004
2099;OLIVO COMPONENTES ;FUNDO;46284;001
2100;OLIVO COMPONENTES ;FUNDO;46284;002
2101;OLIVO COMPONENTES ;FUNDO;46432;001
2102;OLIVO COMPONENTES ;FUNDO;48056;001
2103;OLIVO COMPONENTES ;FUNDO;48053;001
2104;OLIVO COMPONENTES ;FUNDO;48082;001
2105;OLIVO COMPONENTES ;FUNDO;47223;003
2106;OLIVO COMPONENTES ;FUNDO;48619;001
2107;OLIVO COMPONENTES ;FUNDO;48623;001
2108;OLIVO COMPONENTES ;FUNDO;48648;001
2109;OLIVO COMPONENTES ;FUNDO;48644;001
2110;OLIVO COMPONENTES ;FUNDO;48643;002
2111;OLIVO COMPONENTES ;FUNDO;48645;001
2112;OLIVO COMPONENTES ;FUNDO;48653;001
2113;OLIVO COMPONENTES ;FUNDO;48642;001
2114;OLIVO COMPONENTES ;FUNDO;48652;001
2115;OLIVO COMPONENTES ;FUNDO;48649;001
2116;OLIVO COMPONENTES ;FUNDO;48640;001
2117;OLIVO COMPONENTES ;FUNDO;48647;001
2118;OLIVO COMPONENTES ;FUNDO;48660;001
2119;OLIVO COMPONENTES ;FUNDO;48657;001
2120;OLIVO COMPONENTES ;FUNDO;48656;001
2121;OLIVO COMPONENTES ;FUNDO;48658;001
2122;OLIVO COMPONENTES ;FUNDO;48838;001
2123;OLIVO COMPONENTES ;FUNDO;48643;003
2124;OLIVO COMPONENTES ;FUNDO;48649;002
2125;OLIVO COMPONENTES ;FUNDO;48659;002
2126;OLIVO COMPONENTES ;FUNDO;48635;002
2127;OLIVO COMPONENTES ;FUNDO;48739;001
2128;OLIVO COMPONENTES ;FUNDO;48623;002
2129;OLIVO COMPONENTES ;FUNDO;48652;002
2130;OLIVO COMPONENTES ;FUNDO;48653;002
2131;OLIVO COMPONENTES ;FUNDO;48645;002
2132;OLIVO COMPONENTES ;FUNDO;48649;003
2133;OLIVO COMPONENTES ;FUNDO;48643;004
2134;OLIVO COMPONENTES ;FUNDO;48644;002
2135;OLIVO COMPONENTES ;FUNDO;48642;002
2136;OLIVO COMPONENTES ;FUNDO;48648;002
2137;OLIVO COMPONENTES ;FUNDO;48647;002
2138;OLIVO COMPONENTES ;FUNDO;48640;002
2139;OLIVO COMPONENTES ;FUNDO;48656;002
2140;OLIVO COMPONENTES ;FUNDO;48658;002
2141;OLIVO COMPONENTES ;FUNDO;48657;002
2142;OLIVO COMPONENTES ;FUNDO;48660;002
2143;OLIVO COMPONENTES ;FUNDO;48659;003
2144;OLIVO COMPONENTES ;FUNDO;48635;003
2145;OLIVO COMPONENTES ;FUNDO;48739;002
2146;OLIVO COMPONENTES ;FUNDO;48623;003
2147;OLIVO COMPONENTES ;FUNDO;48642;003
2148;OLIVO COMPONENTES ;FUNDO;48652;003
2149;OLIVO COMPONENTES ;FUNDO;48644;003
2150;OLIVO COMPONENTES ;FUNDO;48640;003
2151;OLIVO COMPONENTES ;FUNDO;48647;003
2152;OLIVO COMPONENTES ;FUNDO;48653;003
2153;OLIVO COMPONENTES ;FUNDO;48645;003
2154;OLIVO COMPONENTES ;FUNDO;48648;003
2155;OLIVO COMPONENTES ;FUNDO;48658;003
2156;OLIVO COMPONENTES ;FUNDO;48660;003
2157;OLIVO COMPONENTES ;FUNDO;48657;003
2158;OLIVO COMPONENTES ;FUNDO;48656;003
2159;OLIVO COMPONENTES ;FUNDO;48644;004
2160;OLIVO COMPONENTES ;FUNDO;48659;004
2161;OLIVO COMPONENTES ;FUNDO;48739;003
2162;OLIVO COMPONENTES ;FUNDO;48644;005
2163;OLIVO COMPONENTES ;FUNDO;48653;004
2164;OLIVO COMPONENTES ;FUNDO;48648;004
2165;OLIVO COMPONENTES ;FUNDO;48644;006
2166;OLIVO COMPONENTES ;FUNDO;48656;004
2167;OLIVO COMPONENTES ;FUNDO;48670;001
2168;OLIVO COMPONENTES ;FUNDO;46786;002
2169;OLIVO COMPONENTES ;FUNDO;46432;002
2170;OLIVO COMPONENTES ;FUNDO;46727;001
2171;OLIVO COMPONENTES ;FUNDO;46727;002
2172;OLIVO COMPONENTES ;FUNDO;46786;001
2173;OLIVO COMPONENTES ;FUNDO;46758;002
2174;OLIVO COMPONENTES ;FUNDO;46728;001
2175;OLIVO COMPONENTES ;FUNDO;46728;002
2176;OLIVO COMPONENTES ;FUNDO;46758;001
2177;OLIVO COMPONENTES ;FUNDO;46657;001
2178;OLIVO COMPONENTES ;FUNDO;46657;002
2179;OLIVO COMPONENTES ;FUNDO;46940;002
2180;OLIVO COMPONENTES ;FUNDO;46939;002
2181;OLIVO COMPONENTES ;FUNDO;46938;002
2182;OLIVO COMPONENTES ;FUNDO;48705;001
2183;OLIVO COMPONENTES ;FUNDO;48705;002
2184;OLIVO COMPONENTES ;FUNDO;48705;003
2185;OLIVO COMPONENTES ;FUNDO;48706;001
2186;OLIVO COMPONENTES ;FUNDO;48706;002
2187;OLIVO COMPONENTES ;FUNDO;48706;003
2188;OLIVO COMPONENTES ;FUNDO;48707;001
2189;OLIVO COMPONENTES ;FUNDO;48707;002
2190;OLIVO COMPONENTES ;FUNDO;48707;003
2191;OLIVO COMPONENTES ;FUNDO;48708;001
2192;OLIVO COMPONENTES ;FUNDO;48708;002
2193;OLIVO COMPONENTES ;FUNDO;48708;003
2194;OLIVO COMPONENTES ;FUNDO;48708;004
2195;OLIVO COMPONENTES ;FUNDO;48709;001
2196;OLIVO COMPONENTES ;FUNDO;48709;002
2197;OLIVO COMPONENTES ;FUNDO;48709;003
2198;OLIVO COMPONENTES ;FUNDO;48709;004
2199;OLIVO COMPONENTES ;FUNDO;48710;001
2200;OLIVO COMPONENTES ;FUNDO;48710;002
2201;OLIVO COMPONENTES ;FUNDO;48710;003
2202;OLIVO COMPONENTES ;FUNDO;47028;001
2203;OLIVO COMPONENTES ;FUNDO;47689;001
2204;OLIVO COMPONENTES ;FUNDO;47028;001
2205;OLIVO COMPONENTES ;FUNDO;47140;001
2206;OLIVO COMPONENTES ;FUNDO;47140;002
2207;OLIVO COMPONENTES ;FUNDO;47137;001
2208;OLIVO COMPONENTES ;FUNDO;47137;002
2209;OLIVO COMPONENTES ;FUNDO;47689;002
2210;OLIVO COMPONENTES ;FUNDO;47060;004
2211;OLIVO COMPONENTES ;FUNDO;48487;001
2212;OLIVO COMPONENTES ;FUNDO;48489;001
2213;OLIVO COMPONENTES ;FUNDO;48492;001
2214;OLIVO COMPONENTES ;FUNDO;48493;001
2215;OLIVO COMPONENTES ;FUNDO;48612;001
2216;OLIVO COMPONENTES ;FUNDO;48475;002
2217;OLIVO COMPONENTES ;FUNDO;48480;002
2218;OLIVO COMPONENTES ;FUNDO;48229;002
2219;OLIVO COMPONENTES ;FUNDO;47069;007
2220;OLIVO COMPONENTES ;FUNDO;47070;007
2221;OLIVO COMPONENTES ;FUNDO;47072;007
2222;OLIVO COMPONENTES ;FUNDO;47668;004
2223;OLIVO COMPONENTES ;FUNDO;48228;002
2224;OLIVO COMPONENTES ;FUNDO;48230;002
2225;OLIVO COMPONENTES ;FUNDO;48231;002
2226;OLIVO COMPONENTES ;FUNDO;48496;002
2227;OLIVO COMPONENTES ;FUNDO;48103;002
2228;OLIVO COMPONENTES ;FUNDO;48104;004
2229;OLIVO COMPONENTES ;FUNDO;48448;002
2230;OLIVO COMPONENTES ;FUNDO;48457;002
2231;OLIVO COMPONENTES ;FUNDO;48459;002
2232;OLIVO COMPONENTES ;FUNDO;48602;001
2233;OLIVO COMPONENTES ;FUNDO;48603;001
2234;OLIVO COMPONENTES ;FUNDO;48604;001
2235;OLIVO COMPONENTES ;FUNDO;48605;001
2236;OLIVO COMPONENTES ;FUNDO;48606;001
2237;OLIVO COMPONENTES ;FUNDO;48607;001
2238;OLIVO COMPONENTES ;FUNDO;48608;001
2239;OLIVO COMPONENTES ;FUNDO;48609;001
2240;OLIVO COMPONENTES ;FUNDO;47694;003
2241;OLIVO COMPONENTES ;FUNDO;47692;003
2242;OLIVO COMPONENTES ;FUNDO;47693;003
2243;OLIVO COMPONENTES ;FUNDO;47691;003
2244;OLIVO COMPONENTES ;FUNDO;47695;005
2245;OLIVO COMPONENTES ;FUNDO;48454;003
2246;OLIVO COMPONENTES ;FUNDO;48455;003
2247;OLIVO COMPONENTES ;FUNDO;48456;002
2248;OLIVO COMPONENTES ;FUNDO;48463;002
2249;OLIVO COMPONENTES ;FUNDO;48464;003
2250;OLIVO COMPONENTES ;FUNDO;48468;002
2251;OLIVO COMPONENTES ;FUNDO;48610;001
2252;OLIVO COMPONENTES ;FUNDO;48611;001
2253;OLIVO COMPONENTES ;FUNDO;48612;002
2254;OLIVO COMPONENTES ;FUNDO;48614;001
2255;OLIVO COMPONENTES ;FUNDO;48475;003
2256;OLIVO COMPONENTES ;FUNDO;48476;002
2257;OLIVO COMPONENTES ;FUNDO;48477;002
2258;OLIVO COMPONENTES ;FUNDO;48478;002
2259;OLIVO COMPONENTES ;FUNDO;48480;003
2260;OLIVO COMPONENTES ;FUNDO;47668;005
2261;OLIVO COMPONENTES ;FUNDO;48230;003
2262;OLIVO COMPONENTES ;FUNDO;48231;003
2263;OLIVO COMPONENTES ;FUNDO;48496;003
2264;OLIVO COMPONENTES ;FUNDO;48921;001
2265;OLIVO COMPONENTES ;FUNDO;48104;005
2266;OLIVO COMPONENTES ;FUNDO;48452;002
2267;OLIVO COMPONENTES ;FUNDO;48453;002
2268;OLIVO COMPONENTES ;FUNDO;48459;003
2269;OLIVO COMPONENTES ;FUNDO;48461;002
2270;OLIVO COMPONENTES ;FUNDO;48467;002
2271;OLIVO COMPONENTES ;FUNDO;48482;002
2272;OLIVO COMPONENTES ;FUNDO;47695;006
2273;OLIVO COMPONENTES ;FUNDO;48485;002
2274;OLIVO COMPONENTES ;FUNDO;48486;002
2275;OLIVO COMPONENTES ;FUNDO;48487;002
2276;OLIVO COMPONENTES ;FUNDO;48488;002
2277;OLIVO COMPONENTES ;FUNDO;48489;002
2278;OLIVO COMPONENTES ;FUNDO;48490;002
2279;OLIVO COMPONENTES ;FUNDO;48491;002
2280;OLIVO COMPONENTES ;FUNDO;48492;002
2281;OLIVO COMPONENTES ;FUNDO;48493;002
2282;OLIVO COMPONENTES ;FUNDO;48494;002
2283;OLIVO COMPONENTES ;FUNDO;48454;004
2284;OLIVO COMPONENTES ;FUNDO;48610;002
2285;OLIVO COMPONENTES ;FUNDO;48611;002
2286;OLIVO COMPONENTES ;FUNDO;48612;003
2287;OLIVO COMPONENTES ;FUNDO;48613;002
2288;OLIVO COMPONENTES ;FUNDO;48480;004
2289;OLIVO COMPONENTES ;FUNDO;47668;006
2290;OLIVO COMPONENTES ;FUNDO;48229;003
2291;OLIVO COMPONENTES ;FUNDO;48228;003
2292;OLIVO COMPONENTES ;FUNDO;48230;004
2293;OLIVO COMPONENTES ;FUNDO;49008;001
2294;OLIVO COMPONENTES ;FUNDO;48921;002
2295;OLIVO COMPONENTES ;FUNDO;48103;003
2296;OLIVO COMPONENTES ;FUNDO;48104;006
2297;OLIVO COMPONENTES ;FUNDO;48448;003
2298;OLIVO COMPONENTES ;FUNDO;48602;002
2299;OLIVO COMPONENTES ;FUNDO;48603;002
2300;OLIVO COMPONENTES ;FUNDO;48604;002
2301;OLIVO COMPONENTES ;FUNDO;48605;002
2302;OLIVO COMPONENTES ;FUNDO;48606;002
2303;OLIVO COMPONENTES ;FUNDO;48607;002
2304;OLIVO COMPONENTES ;FUNDO;48608;002
2305;OLIVO COMPONENTES ;FUNDO;48609;002
2306;OLIVO COMPONENTES ;FUNDO;47695;007
2307;OLIVO COMPONENTES ;FUNDO;47668;007
2308;OLIVO COMPONENTES ;FUNDO;48456;003
2309;OLIVO COMPONENTES ;FUNDO;48463;003
2310;OLIVO COMPONENTES ;FUNDO;48612;004
2311;OLIVO COMPONENTES ;FUNDO;48947;001
2312;OLIVO COMPONENTES ;FUNDO;48948;001
2313;OLIVO COMPONENTES ;FUNDO;48475;004
2314;OLIVO COMPONENTES ;FUNDO;48480;005
2315;OLIVO COMPONENTES ;FUNDO;48496;004
2316;OLIVO COMPONENTES ;FUNDO;48921;003
2317;OLIVO COMPONENTES ;FUNDO;48452;003
2318;OLIVO COMPONENTES ;FUNDO;48453;003
2319;OLIVO COMPONENTES ;FUNDO;48461;003
2320;OLIVO COMPONENTES ;FUNDO;48467;003
2321;OLIVO COMPONENTES ;FUNDO;48468;003
2322;OLIVO COMPONENTES ;FUNDO;48477;003
2323;OLIVO COMPONENTES ;FUNDO;48478;003
2324;OLIVO COMPONENTES ;FUNDO;48482;003
2325;OLIVO COMPONENTES ;FUNDO;48486;003
2326;OLIVO COMPONENTES ;FUNDO;48487;003
2327;OLIVO COMPONENTES ;FUNDO;48488;003
2328;OLIVO COMPONENTES ;FUNDO;48489;003
2329;OLIVO COMPONENTES ;FUNDO;48490;003
2330;OLIVO COMPONENTES ;FUNDO;48491;003
2331;OLIVO COMPONENTES ;FUNDO;48492;003
2332;OLIVO COMPONENTES ;FUNDO;48493;003
2333;OLIVO COMPONENTES ;FUNDO;48494;003
2334;OLIVO COMPONENTES ;FUNDO;48454;005
2335;OLIVO COMPONENTES ;FUNDO;48468;004
2336;OLIVO COMPONENTES ;FUNDO;48610;003
2337;OLIVO COMPONENTES ;FUNDO;48611;003
2338;OLIVO COMPONENTES ;FUNDO;48612;005
2339;OLIVO COMPONENTES ;FUNDO;48480;006
2340;OLIVO COMPONENTES ;FUNDO;48228;004
2341;OLIVO COMPONENTES ;FUNDO;49008;002
2342;OLIVO COMPONENTES ;FUNDO;48229;004
2343;OLIVO COMPONENTES ;FUNDO;48496;005
2344;OLIVO COMPONENTES ;FUNDO;48448;004
2345;OLIVO COMPONENTES ;FUNDO;48468;005
2346;OLIVO COMPONENTES ;FUNDO;48602;003
2347;OLIVO COMPONENTES ;FUNDO;48603;003
2348;OLIVO COMPONENTES ;FUNDO;48604;003
2349;OLIVO COMPONENTES ;FUNDO;48605;003
2350;OLIVO COMPONENTES ;FUNDO;48606;003
2351;OLIVO COMPONENTES ;FUNDO;48607;003
2352;OLIVO COMPONENTES ;FUNDO;48608;003
2353;OLIVO COMPONENTES ;FUNDO;48609;003
2354;OLIVO COMPONENTES ;FUNDO;48613;003
2355;OLIVO COMPONENTES ;FUNDO;48947;002
2356;OLIVO COMPONENTES ;FUNDO;48468;006
2357;OLIVO COMPONENTES ;FUNDO;48612;006
2358;OLIVO COMPONENTES ;FUNDO;48948;002
2359;OLIVO COMPONENTES ;FUNDO;48453;004
2360;OLIVO COMPONENTES ;FUNDO;48468;007
2361;OLIVO COMPONENTES ;FUNDO;48482;004
2362;OLIVO COMPONENTES ;FUNDO;48487;004
2363;OLIVO COMPONENTES ;FUNDO;48494;004
2364;OLIVO COMPONENTES ;FUNDO;48612;007
2365;OLIVO COMPONENTES ;FUNDO;48947;003
2366;OLIVO COMPONENTES ;FUNDO;49008;003
2367;OLIVO COMPONENTES ;FUNDO;48948;003
